sklearn_version,module,estimator,operation,source_entry_point,source_file,execution_class,confidence,flow_scikit_status,benchmark_coverage,parity_coverage,evidence,referenced_symbols
1.9.0,sklearn.linear_model._bayes,ARDRegression,fit,sklearn.linear_model._bayes.ARDRegression.fit,/opt/hostedtoolcache/Python/3.12.13/x64/lib/python3.12/site-packages/sklearn/linear_model/_bayes.py,mixed,medium,present,not-in-canonical-headline,not-in-canonical-headline,"[""numpy-bound:np."", ""python-control-loops:2""]","[""X_offset_"", ""X_scale_"", ""_set_intercept"", ""_update_sigma"", ""_update_sigma_woodbury"", ""abs"", ""alpha_"", ""alpha_1"", ""alpha_2"", ""any"", ""array"", ""asarray"", ""coef_"", ""compute_score"", ""copy"", ""copy_X"", ""diag"", ""dot"", ""dtype"", ""finfo"", ""fit_intercept"", ""float32"", ""float64"", ""lambda_"", ""lambda_1"", ""lambda_2"", ""linalg"", ""log"", ""max_iter"", ""n_iter_"", ""ones"", ""scores_"", ""shape"", ""sigma_"", ""sum"", ""threshold_lambda"", ""tol"", ""var"", ""verbose"", ""zeros""]"
1.9.0,sklearn.linear_model._bayes,ARDRegression,predict,sklearn.linear_model._bayes.ARDRegression.predict,/opt/hostedtoolcache/Python/3.12.13/x64/lib/python3.12/site-packages/sklearn/linear_model/_bayes.py,numpy-bound,medium,present,not-in-canonical-headline,not-in-canonical-headline,"[""numpy-bound:np.""]","[""X_offset_"", ""_decision_function"", ""alpha_"", ""dot"", ""lambda_"", ""sigma_"", ""sqrt"", ""threshold_lambda""]"
1.9.0,sklearn.ensemble._weight_boosting,AdaBoostClassifier,fit,sklearn.ensemble._weight_boosting.AdaBoostClassifier.fit,/opt/hostedtoolcache/Python/3.12.13/x64/lib/python3.12/site-packages/sklearn/ensemble/_weight_boosting.py,mixed,medium,present,not-in-canonical-headline,not-in-canonical-headline,"[""numpy-bound:np."", ""python-control-loops:2""]","[""_boost"", ""_validate_estimator"", ""clip"", ""dtype"", ""estimator_errors_"", ""estimator_weights_"", ""estimators_"", ""finfo"", ""float64"", ""isfinite"", ""n_estimators"", ""ones"", ""random_state"", ""sum"", ""warn"", ""zeros""]"
1.9.0,sklearn.ensemble._weight_boosting,AdaBoostClassifier,predict,sklearn.ensemble._weight_boosting.AdaBoostClassifier.predict,/opt/hostedtoolcache/Python/3.12.13/x64/lib/python3.12/site-packages/sklearn/ensemble/_weight_boosting.py,numpy-bound,medium,present,not-in-canonical-headline,not-in-canonical-headline,"[""numpy-bound:np.""]","[""argmax"", ""classes_"", ""decision_function"", ""n_classes_""]"
1.9.0,sklearn.ensemble._weight_boosting,AdaBoostClassifier,predict_proba,sklearn.ensemble._weight_boosting.AdaBoostClassifier.predict_proba,/opt/hostedtoolcache/Python/3.12.13/x64/lib/python3.12/site-packages/sklearn/ensemble/_weight_boosting.py,numpy-bound,medium,present,not-in-canonical-headline,not-in-canonical-headline,"[""numpy-bound:np.""]","[""_compute_proba_from_decision"", ""decision_function"", ""n_classes_"", ""ones""]"
1.9.0,sklearn.ensemble._weight_boosting,AdaBoostClassifier,decision_function,sklearn.ensemble._weight_boosting.AdaBoostClassifier.decision_function,/opt/hostedtoolcache/Python/3.12.13/x64/lib/python3.12/site-packages/sklearn/ensemble/_weight_boosting.py,numpy-bound,medium,present,not-in-canonical-headline,not-in-canonical-headline,"[""numpy-bound:np.""]","[""_check_X"", ""classes_"", ""estimator_weights_"", ""estimators_"", ""n_classes_"", ""newaxis"", ""predict"", ""shape"", ""sum"", ""where"", ""zeros_like""]"
1.9.0,sklearn.ensemble._weight_boosting,AdaBoostRegressor,fit,sklearn.ensemble._weight_boosting.AdaBoostRegressor.fit,/opt/hostedtoolcache/Python/3.12.13/x64/lib/python3.12/site-packages/sklearn/ensemble/_weight_boosting.py,mixed,medium,present,not-in-canonical-headline,not-in-canonical-headline,"[""numpy-bound:np."", ""python-control-loops:2""]","[""_boost"", ""_validate_estimator"", ""clip"", ""dtype"", ""estimator_errors_"", ""estimator_weights_"", ""estimators_"", ""finfo"", ""float64"", ""isfinite"", ""n_estimators"", ""ones"", ""random_state"", ""sum"", ""warn"", ""zeros""]"
1.9.0,sklearn.ensemble._weight_boosting,AdaBoostRegressor,predict,sklearn.ensemble._weight_boosting.AdaBoostRegressor.predict,/opt/hostedtoolcache/Python/3.12.13/x64/lib/python3.12/site-packages/sklearn/ensemble/_weight_boosting.py,python-bound,low,present,not-in-canonical-headline,not-in-canonical-headline,"[""python entry point; no recognized native dispatch evidence""]","[""_check_X"", ""_get_median_predict"", ""estimators_""]"
1.9.0,sklearn.kernel_approximation,AdditiveChi2Sampler,fit,sklearn.kernel_approximation.AdditiveChi2Sampler.fit,/opt/hostedtoolcache/Python/3.12.13/x64/lib/python3.12/site-packages/sklearn/kernel_approximation.py,python-bound,low,present,not-in-canonical-headline,not-in-canonical-headline,"[""python entry point; no recognized native dispatch evidence""]","[""sample_interval"", ""sample_steps""]"
1.9.0,sklearn.kernel_approximation,AdditiveChi2Sampler,transform,sklearn.kernel_approximation.AdditiveChi2Sampler.transform,/opt/hostedtoolcache/Python/3.12.13/x64/lib/python3.12/site-packages/sklearn/kernel_approximation.py,python-bound,low,present,not-in-canonical-headline,not-in-canonical-headline,"[""python entry point; no recognized native dispatch evidence""]","[""_transform_dense"", ""_transform_sparse"", ""ac"", ""issparse"", ""pdf"", ""robots"", ""sample_interval"", ""sample_steps""]"
1.9.0,sklearn.cluster._affinity_propagation,AffinityPropagation,fit,sklearn.cluster._affinity_propagation.AffinityPropagation.fit,/opt/hostedtoolcache/Python/3.12.13/x64/lib/python3.12/site-packages/sklearn/cluster/_affinity_propagation.py,numpy-bound,medium,present,not-in-canonical-headline,not-in-canonical-headline,"[""numpy-bound:np.""]","[""affinity"", ""affinity_matrix_"", ""asarray"", ""cluster_centers_"", ""cluster_centers_indices_"", ""convergence_iter"", ""copy"", ""damping"", ""labels_"", ""max_iter"", ""median"", ""n_iter_"", ""preference"", ""random_state"", ""verbose""]"
1.9.0,sklearn.cluster._affinity_propagation,AffinityPropagation,predict,sklearn.cluster._affinity_propagation.AffinityPropagation.predict,/opt/hostedtoolcache/Python/3.12.13/x64/lib/python3.12/site-packages/sklearn/cluster/_affinity_propagation.py,numpy-bound,medium,present,not-in-canonical-headline,not-in-canonical-headline,"[""numpy-bound:np.""]","[""array"", ""cluster_centers_"", ""shape"", ""warn""]"
1.9.0,sklearn.cluster._agglomerative,AgglomerativeClustering,fit,sklearn.cluster._agglomerative.AgglomerativeClustering.fit,/opt/hostedtoolcache/Python/3.12.13/x64/lib/python3.12/site-packages/sklearn/cluster/_agglomerative.py,python-bound,low,present,not-in-canonical-headline,not-in-canonical-headline,"[""python entry point; no recognized native dispatch evidence""]","[""_fit""]"
1.9.0,sklearn.ensemble._bagging,BaggingClassifier,fit,sklearn.ensemble._bagging.BaggingClassifier.fit,/opt/hostedtoolcache/Python/3.12.13/x64/lib/python3.12/site-packages/sklearn/ensemble/_bagging.py,python-bound,medium,present,not-in-canonical-headline,not-in-canonical-headline,"[""python-control-loops:2""]","[""__class__"", ""_fit"", ""bootstrap"", ""estimator"", ""max_samples"", ""set_config""]"
1.9.0,sklearn.ensemble._bagging,BaggingClassifier,predict,sklearn.ensemble._bagging.BaggingClassifier.predict,/opt/hostedtoolcache/Python/3.12.13/x64/lib/python3.12/site-packages/sklearn/ensemble/_bagging.py,mixed,medium,present,not-in-canonical-headline,not-in-canonical-headline,"[""numpy-bound:np."", ""python-control-loops:2""]","[""argmax"", ""classes_"", ""predict_proba"", ""set_config""]"
1.9.0,sklearn.ensemble._bagging,BaggingClassifier,predict_proba,sklearn.ensemble._bagging.BaggingClassifier.predict_proba,/opt/hostedtoolcache/Python/3.12.13/x64/lib/python3.12/site-packages/sklearn/ensemble/_bagging.py,python-bound,medium,present,not-in-canonical-headline,not-in-canonical-headline,"[""python-control-loops:3""]","[""_parallel_args"", ""estimator"", ""estimators_"", ""estimators_features_"", ""n_classes_"", ""n_estimators"", ""n_jobs"", ""set_config"", ""verbose""]"
1.9.0,sklearn.ensemble._bagging,BaggingClassifier,decision_function,sklearn.ensemble._bagging.BaggingClassifier.decision_function,/opt/hostedtoolcache/Python/3.12.13/x64/lib/python3.12/site-packages/sklearn/ensemble/_bagging.py,python-bound,medium,present,not-in-canonical-headline,not-in-canonical-headline,"[""python-control-loops:2""]","[""estimator"", ""estimators_"", ""estimators_features_"", ""n_estimators"", ""n_jobs"", ""set_config"", ""verbose""]"
1.9.0,sklearn.ensemble._bagging,BaggingRegressor,fit,sklearn.ensemble._bagging.BaggingRegressor.fit,/opt/hostedtoolcache/Python/3.12.13/x64/lib/python3.12/site-packages/sklearn/ensemble/_bagging.py,python-bound,medium,present,not-in-canonical-headline,not-in-canonical-headline,"[""python-control-loops:2""]","[""__class__"", ""_fit"", ""bootstrap"", ""estimator"", ""max_samples"", ""set_config""]"
1.9.0,sklearn.ensemble._bagging,BaggingRegressor,predict,sklearn.ensemble._bagging.BaggingRegressor.predict,/opt/hostedtoolcache/Python/3.12.13/x64/lib/python3.12/site-packages/sklearn/ensemble/_bagging.py,python-bound,medium,present,not-in-canonical-headline,not-in-canonical-headline,"[""python-control-loops:3""]","[""estimator"", ""estimators_"", ""estimators_features_"", ""n_estimators"", ""n_jobs"", ""set_config"", ""verbose""]"
1.9.0,sklearn.mixture._bayesian_mixture,BayesianGaussianMixture,fit,sklearn.mixture._bayesian_mixture.BayesianGaussianMixture.fit,/opt/hostedtoolcache/Python/3.12.13/x64/lib/python3.12/site-packages/sklearn/mixture/_base.py,python-bound,medium,present,not-in-canonical-headline,not-in-canonical-headline,"[""python-control-loops:2""]","[""fit_predict""]"
1.9.0,sklearn.mixture._bayesian_mixture,BayesianGaussianMixture,predict,sklearn.mixture._bayesian_mixture.BayesianGaussianMixture.predict,/opt/hostedtoolcache/Python/3.12.13/x64/lib/python3.12/site-packages/sklearn/mixture/_base.py,python-bound,low,present,not-in-canonical-headline,not-in-canonical-headline,"[""python entry point; no recognized native dispatch evidence""]","[""_estimate_weighted_log_prob"", ""argmax""]"
1.9.0,sklearn.mixture._bayesian_mixture,BayesianGaussianMixture,predict_proba,sklearn.mixture._bayesian_mixture.BayesianGaussianMixture.predict_proba,/opt/hostedtoolcache/Python/3.12.13/x64/lib/python3.12/site-packages/sklearn/mixture/_base.py,python-bound,medium,present,not-in-canonical-headline,not-in-canonical-headline,"[""python-control-loops:2""]","[""_estimate_log_prob_resp"", ""exp""]"
1.9.0,sklearn.linear_model._bayes,BayesianRidge,fit,sklearn.linear_model._bayes.BayesianRidge.fit,/opt/hostedtoolcache/Python/3.12.13/x64/lib/python3.12/site-packages/sklearn/linear_model/_bayes.py,mixed,medium,present,not-in-canonical-headline,not-in-canonical-headline,"[""blas-lapack-bound:linalg.svd"", ""numpy-bound:np."", ""python-control-loops:3""]","[""T"", ""X_offset_"", ""X_scale_"", ""_log_marginal_likelihood"", ""_set_intercept"", ""_update_coef_"", ""abs"", ""alpha_"", ""alpha_1"", ""alpha_2"", ""alpha_init"", ""array"", ""asarray"", ""average"", ""coef_"", ""compute_score"", ""copy"", ""copy_X"", ""dot"", ""dtype"", ""finfo"", ""fit_intercept"", ""float32"", ""float64"", ""lambda_"", ""lambda_1"", ""lambda_2"", ""lambda_init"", ""max_iter"", ""n_iter_"", ""newaxis"", ""scores_"", ""shape"", ""sigma_"", ""sum"", ""svd"", ""tol"", ""var"", ""verbose"", ""zeros""]"
1.9.0,sklearn.linear_model._bayes,BayesianRidge,predict,sklearn.linear_model._bayes.BayesianRidge.predict,/opt/hostedtoolcache/Python/3.12.13/x64/lib/python3.12/site-packages/sklearn/linear_model/_bayes.py,numpy-bound,medium,present,not-in-canonical-headline,not-in-canonical-headline,"[""numpy-bound:np.""]","[""X_offset_"", ""_decision_function"", ""alpha_"", ""dot"", ""sigma_"", ""sqrt""]"
1.9.0,sklearn.naive_bayes,BernoulliNB,fit,sklearn.naive_bayes.BernoulliNB.fit,/opt/hostedtoolcache/Python/3.12.13/x64/lib/python3.12/site-packages/sklearn/naive_bayes.py,numpy-bound,medium,present,not-in-canonical-headline,not-in-canonical-headline,"[""numpy-bound:np.""]","[""T"", ""_check_X_y"", ""_check_alpha"", ""_count"", ""_init_counters"", ""_update_class_log_prior"", ""_update_feature_log_prob"", ""astype"", ""atleast_2d"", ""class_prior"", ""classes_"", ""concatenate"", ""fit_transform"", ""float64"", ""int64"", ""ones_like"", ""shape""]"
1.9.0,sklearn.naive_bayes,BernoulliNB,predict,sklearn.naive_bayes.BernoulliNB.predict,/opt/hostedtoolcache/Python/3.12.13/x64/lib/python3.12/site-packages/sklearn/naive_bayes.py,python-bound,low,present,not-in-canonical-headline,not-in-canonical-headline,"[""python entry point; no recognized native dispatch evidence""]","[""_check_X"", ""_joint_log_likelihood"", ""argmax"", ""classes_""]"
1.9.0,sklearn.naive_bayes,BernoulliNB,predict_proba,sklearn.naive_bayes.BernoulliNB.predict_proba,/opt/hostedtoolcache/Python/3.12.13/x64/lib/python3.12/site-packages/sklearn/naive_bayes.py,python-bound,medium,present,not-in-canonical-headline,not-in-canonical-headline,"[""python-control-loops:2""]","[""exp"", ""predict_log_proba""]"
1.9.0,sklearn.neural_network._rbm,BernoulliRBM,fit,sklearn.neural_network._rbm.BernoulliRBM.fit,/opt/hostedtoolcache/Python/3.12.13/x64/lib/python3.12/site-packages/sklearn/neural_network/_rbm.py,mixed,medium,present,not-in-canonical-headline,not-in-canonical-headline,"[""numpy-bound:np."", ""python-control-loops:3""]","[""_fit"", ""_n_features_out"", ""asarray"", ""batch_size"", ""ceil"", ""components_"", ""dtype"", ""float32"", ""float64"", ""h_samples_"", ""intercept_hidden_"", ""intercept_visible_"", ""n_components"", ""n_iter"", ""normal"", ""random_state"", ""score_samples"", ""shape"", ""time"", ""verbose"", ""zeros""]"
1.9.0,sklearn.neural_network._rbm,BernoulliRBM,transform,sklearn.neural_network._rbm.BernoulliRBM.transform,/opt/hostedtoolcache/Python/3.12.13/x64/lib/python3.12/site-packages/sklearn/neural_network/_rbm.py,numpy-bound,medium,present,not-in-canonical-headline,not-in-canonical-headline,"[""numpy-bound:np.""]","[""_mean_hiddens"", ""float32"", ""float64""]"
1.9.0,sklearn.preprocessing._data,Binarizer,fit,sklearn.preprocessing._data.Binarizer.fit,/opt/hostedtoolcache/Python/3.12.13/x64/lib/python3.12/site-packages/sklearn/preprocessing/_data.py,python-bound,low,present,not-in-canonical-headline,not-in-canonical-headline,"[""python entry point; no recognized native dispatch evidence""]",[]
1.9.0,sklearn.preprocessing._data,Binarizer,transform,sklearn.preprocessing._data.Binarizer.transform,/opt/hostedtoolcache/Python/3.12.13/x64/lib/python3.12/site-packages/sklearn/preprocessing/_data.py,scipy-bound,medium,present,not-in-canonical-headline,not-in-canonical-headline,"[""scipy-bound:scipy.""]","[""copy"", ""sparse"", ""threshold""]"
1.9.0,sklearn.cluster._birch,Birch,fit,sklearn.cluster._birch.Birch.fit,/opt/hostedtoolcache/Python/3.12.13/x64/lib/python3.12/site-packages/sklearn/cluster/_birch.py,python-bound,medium,present,not-in-canonical-headline,not-in-canonical-headline,"[""python-control-loops:2""]","[""_fit""]"
1.9.0,sklearn.cluster._birch,Birch,predict,sklearn.cluster._birch.Birch.predict,/opt/hostedtoolcache/Python/3.12.13/x64/lib/python3.12/site-packages/sklearn/cluster/_birch.py,python-bound,low,present,not-in-canonical-headline,not-in-canonical-headline,"[""python entry point; no recognized native dispatch evidence""]","[""_predict""]"
1.9.0,sklearn.cluster._birch,Birch,transform,sklearn.cluster._birch.Birch.transform,/opt/hostedtoolcache/Python/3.12.13/x64/lib/python3.12/site-packages/sklearn/cluster/_birch.py,python-bound,low,present,not-in-canonical-headline,not-in-canonical-headline,"[""python entry point; no recognized native dispatch evidence""]","[""subcluster_centers_""]"
1.9.0,sklearn.cluster._bisect_k_means,BisectingKMeans,fit,sklearn.cluster._bisect_k_means.BisectingKMeans.fit,/opt/hostedtoolcache/Python/3.12.13/x64/lib/python3.12/site-packages/sklearn/cluster/_bisect_k_means.py,mixed,medium,present,not-in-canonical-headline,not-in-canonical-headline,"[""cython-bound:_tree"", ""numpy-bound:np."", ""python-control-loops:6""]","[""_X_mean"", ""_bisect"", ""_bisecting_tree"", ""_check_mkl_vcomp"", ""_check_params_vs_input"", ""_kmeans_single"", ""_n_features_out"", ""_n_threads"", ""_random_state"", ""algorithm"", ""arange"", ""center"", ""cluster_centers_"", ""copy_x"", ""dtype"", ""empty"", ""float32"", ""float64"", ""full"", ""indices"", ""inertia_"", ""int32"", ""issparse"", ""label"", ""labels_"", ""mean"", ""n_clusters"", ""random_state"", ""shape""]"
1.9.0,sklearn.cluster._bisect_k_means,BisectingKMeans,predict,sklearn.cluster._bisect_k_means.BisectingKMeans.predict,/opt/hostedtoolcache/Python/3.12.13/x64/lib/python3.12/site-packages/sklearn/cluster/_bisect_k_means.py,cython-bound,medium,present,not-in-canonical-headline,not-in-canonical-headline,"[""cython-bound:_tree"", ""numpy-bound:np.""]","[""_bisecting_tree"", ""_check_test_data"", ""_predict_recursive"", ""ones_like""]"
1.9.0,sklearn.cluster._bisect_k_means,BisectingKMeans,transform,sklearn.cluster._bisect_k_means.BisectingKMeans.transform,/opt/hostedtoolcache/Python/3.12.13/x64/lib/python3.12/site-packages/sklearn/cluster/_kmeans.py,python-bound,low,present,not-in-canonical-headline,not-in-canonical-headline,"[""python entry point; no recognized native dispatch evidence""]","[""_check_test_data"", ""_transform""]"
1.9.0,sklearn.cross_decomposition._pls,CCA,fit,sklearn.cross_decomposition._pls.CCA.fit,/opt/hostedtoolcache/Python/3.12.13/x64/lib/python3.12/site-packages/sklearn/cross_decomposition/_pls.py,mixed,medium,present,not-in-canonical-headline,not-in-canonical-headline,"[""numpy-bound:np."", ""python-control-loops:3""]","[""T"", ""_n_features_out"", ""_norm_y_weights"", ""_predict_1d"", ""_x_mean"", ""_x_scores"", ""_x_std"", ""_y_mean"", ""_y_scores"", ""_y_std"", ""abs"", ""algorithm"", ""all"", ""coef_"", ""copy"", ""deflation_mode"", ""dot"", ""dtype"", ""e"", ""finfo"", ""float64"", ""intercept_"", ""max_iter"", ""mode"", ""n_components"", ""n_iter_"", ""ndim"", ""outer"", ""reshape"", ""scale"", ""shape"", ""tol"", ""warn"", ""x_loadings_"", ""x_rotations_"", ""x_weights_"", ""y_loadings_"", ""y_rotations_"", ""y_weights_"", ""zeros""]"
1.9.0,sklearn.cross_decomposition._pls,CCA,predict,sklearn.cross_decomposition._pls.CCA.predict,/opt/hostedtoolcache/Python/3.12.13/x64/lib/python3.12/site-packages/sklearn/cross_decomposition/_pls.py,python-bound,low,present,not-in-canonical-headline,not-in-canonical-headline,"[""python entry point; no recognized native dispatch evidence""]","[""_predict_1d"", ""_x_mean"", ""coef_"", ""intercept_"", ""ravel""]"
1.9.0,sklearn.cross_decomposition._pls,CCA,transform,sklearn.cross_decomposition._pls.CCA.transform,/opt/hostedtoolcache/Python/3.12.13/x64/lib/python3.12/site-packages/sklearn/cross_decomposition/_pls.py,numpy-bound,medium,present,not-in-canonical-headline,not-in-canonical-headline,"[""numpy-bound:np.""]","[""_x_mean"", ""_x_std"", ""_y_mean"", ""_y_std"", ""dot"", ""ndim"", ""reshape"", ""x_rotations_"", ""y_rotations_""]"
1.9.0,sklearn.calibration,CalibratedClassifierCV,fit,sklearn.calibration.CalibratedClassifierCV.fit,/opt/hostedtoolcache/Python/3.12.13/x64/lib/python3.12/site-packages/sklearn/calibration.py,python-bound,medium,not-found-by-name,not-in-canonical-headline,not-in-canonical-headline,"[""python-control-loops:6""]","[""_get_estimator"", ""any"", ""calibrated_classifiers_"", ""classes_"", ""com"", ""cv"", ""dtype"", ""ensemble"", ""estimator"", ""feature_names_in_"", ""fit"", ""method"", ""n_features_in_"", ""n_jobs"", ""reshape"", ""split"", ""splitter"", ""transform"", ""unique_counts"", ""warn""]"
1.9.0,sklearn.calibration,CalibratedClassifierCV,predict,sklearn.calibration.CalibratedClassifierCV.predict,/opt/hostedtoolcache/Python/3.12.13/x64/lib/python3.12/site-packages/sklearn/calibration.py,python-bound,low,not-found-by-name,not-in-canonical-headline,not-in-canonical-headline,"[""python entry point; no recognized native dispatch evidence""]","[""argmax"", ""classes_"", ""predict"", ""predict_proba""]"
1.9.0,sklearn.calibration,CalibratedClassifierCV,predict_proba,sklearn.calibration.CalibratedClassifierCV.predict_proba,/opt/hostedtoolcache/Python/3.12.13/x64/lib/python3.12/site-packages/sklearn/calibration.py,python-bound,low,not-found-by-name,not-in-canonical-headline,not-in-canonical-headline,"[""python entry point; no recognized native dispatch evidence""]","[""calibrated_classifiers_"", ""classes_"", ""predict_proba"", ""zeros""]"
1.9.0,sklearn.naive_bayes,CategoricalNB,fit,sklearn.naive_bayes.CategoricalNB.fit,/opt/hostedtoolcache/Python/3.12.13/x64/lib/python3.12/site-packages/sklearn/naive_bayes.py,python-bound,medium,present,not-in-canonical-headline,not-in-canonical-headline,"[""python-control-loops:3""]",[]
1.9.0,sklearn.naive_bayes,CategoricalNB,predict,sklearn.naive_bayes.CategoricalNB.predict,/opt/hostedtoolcache/Python/3.12.13/x64/lib/python3.12/site-packages/sklearn/naive_bayes.py,python-bound,low,present,not-in-canonical-headline,not-in-canonical-headline,"[""python entry point; no recognized native dispatch evidence""]","[""_check_X"", ""_joint_log_likelihood"", ""argmax"", ""classes_""]"
1.9.0,sklearn.naive_bayes,CategoricalNB,predict_proba,sklearn.naive_bayes.CategoricalNB.predict_proba,/opt/hostedtoolcache/Python/3.12.13/x64/lib/python3.12/site-packages/sklearn/naive_bayes.py,python-bound,medium,present,not-in-canonical-headline,not-in-canonical-headline,"[""python-control-loops:2""]","[""exp"", ""predict_log_proba""]"
1.9.0,sklearn.manifold._classical_mds,ClassicalMDS,fit,sklearn.manifold._classical_mds.ClassicalMDS.fit,/opt/hostedtoolcache/Python/3.12.13/x64/lib/python3.12/site-packages/sklearn/manifold/_classical_mds.py,python-bound,low,not-found-by-name,not-in-canonical-headline,not-in-canonical-headline,"[""python entry point; no recognized native dispatch evidence""]","[""fit_transform""]"
1.9.0,sklearn.multioutput,ClassifierChain,fit,sklearn.multioutput.ClassifierChain.fit,/opt/hostedtoolcache/Python/3.12.13/x64/lib/python3.12/site-packages/sklearn/multioutput.py,python-bound,low,present,not-in-canonical-headline,not-in-canonical-headline,"[""python entry point; no recognized native dispatch evidence""]","[""base_estimator"", ""classes_"", ""estimators_""]"
1.9.0,sklearn.multioutput,ClassifierChain,predict,sklearn.multioutput.ClassifierChain.predict,/opt/hostedtoolcache/Python/3.12.13/x64/lib/python3.12/site-packages/sklearn/multioutput.py,python-bound,low,present,not-in-canonical-headline,not-in-canonical-headline,"[""python entry point; no recognized native dispatch evidence""]","[""_get_predictions""]"
1.9.0,sklearn.multioutput,ClassifierChain,predict_proba,sklearn.multioutput.ClassifierChain.predict_proba,/opt/hostedtoolcache/Python/3.12.13/x64/lib/python3.12/site-packages/sklearn/multioutput.py,python-bound,low,present,not-in-canonical-headline,not-in-canonical-headline,"[""python entry point; no recognized native dispatch evidence""]","[""_get_predictions""]"
1.9.0,sklearn.multioutput,ClassifierChain,decision_function,sklearn.multioutput.ClassifierChain.decision_function,/opt/hostedtoolcache/Python/3.12.13/x64/lib/python3.12/site-packages/sklearn/multioutput.py,python-bound,low,present,not-in-canonical-headline,not-in-canonical-headline,"[""python entry point; no recognized native dispatch evidence""]","[""_get_predictions""]"
1.9.0,sklearn.compose._column_transformer,ColumnTransformer,fit,sklearn.compose._column_transformer.ColumnTransformer.fit,/opt/hostedtoolcache/Python/3.12.13/x64/lib/python3.12/site-packages/sklearn/compose/_column_transformer.py,python-bound,medium,present,not-in-canonical-headline,not-in-canonical-headline,"[""python-control-loops:2""]","[""fit_transform"", ""set_config""]"
1.9.0,sklearn.compose._column_transformer,ColumnTransformer,transform,sklearn.compose._column_transformer.ColumnTransformer.transform,/opt/hostedtoolcache/Python/3.12.13/x64/lib/python3.12/site-packages/sklearn/compose/_column_transformer.py,mixed,medium,present,not-in-canonical-headline,not-in-canonical-headline,"[""numpy-bound:np."", ""python-control-loops:3""]","[""_call_func_on_transformers"", ""_get_empty_routing"", ""_hstack"", ""_transformer_to_input_indices"", ""_validate_output"", ""dependencies"", ""feature_names_in_"", ""named_transformers_"", ""set_config"", ""zeros""]"
1.9.0,sklearn.naive_bayes,ComplementNB,fit,sklearn.naive_bayes.ComplementNB.fit,/opt/hostedtoolcache/Python/3.12.13/x64/lib/python3.12/site-packages/sklearn/naive_bayes.py,numpy-bound,medium,present,not-in-canonical-headline,not-in-canonical-headline,"[""numpy-bound:np.""]","[""T"", ""_check_X_y"", ""_check_alpha"", ""_count"", ""_init_counters"", ""_update_class_log_prior"", ""_update_feature_log_prob"", ""astype"", ""atleast_2d"", ""class_prior"", ""classes_"", ""concatenate"", ""fit_transform"", ""float64"", ""int64"", ""ones_like"", ""shape""]"
1.9.0,sklearn.naive_bayes,ComplementNB,predict,sklearn.naive_bayes.ComplementNB.predict,/opt/hostedtoolcache/Python/3.12.13/x64/lib/python3.12/site-packages/sklearn/naive_bayes.py,python-bound,low,present,not-in-canonical-headline,not-in-canonical-headline,"[""python entry point; no recognized native dispatch evidence""]","[""_check_X"", ""_joint_log_likelihood"", ""argmax"", ""classes_""]"
1.9.0,sklearn.naive_bayes,ComplementNB,predict_proba,sklearn.naive_bayes.ComplementNB.predict_proba,/opt/hostedtoolcache/Python/3.12.13/x64/lib/python3.12/site-packages/sklearn/naive_bayes.py,python-bound,medium,present,not-in-canonical-headline,not-in-canonical-headline,"[""python-control-loops:2""]","[""exp"", ""predict_log_proba""]"
1.9.0,sklearn.feature_extraction.text,CountVectorizer,fit,sklearn.feature_extraction.text.CountVectorizer.fit,/opt/hostedtoolcache/Python/3.12.13/x64/lib/python3.12/site-packages/sklearn/feature_extraction/text.py,python-bound,low,present,not-in-canonical-headline,not-in-canonical-headline,"[""python entry point; no recognized native dispatch evidence""]","[""fit_transform""]"
1.9.0,sklearn.feature_extraction.text,CountVectorizer,transform,sklearn.feature_extraction.text.CountVectorizer.transform,/opt/hostedtoolcache/Python/3.12.13/x64/lib/python3.12/site-packages/sklearn/feature_extraction/text.py,python-bound,low,present,not-in-canonical-headline,not-in-canonical-headline,"[""python entry point; no recognized native dispatch evidence""]","[""_check_vocabulary"", ""_count_vocab"", ""binary"", ""data""]"
1.9.0,sklearn.cluster._dbscan,DBSCAN,fit,sklearn.cluster._dbscan.DBSCAN.fit,/opt/hostedtoolcache/Python/3.12.13/x64/lib/python3.12/site-packages/sklearn/cluster/_dbscan.py,mixed,medium,present,not-in-canonical-headline,not-in-canonical-headline,"[""numpy-bound:np."", ""python-control-loops:5""]","[""SparseEfficiencyWarning"", ""algorithm"", ""array"", ""asarray"", ""catch_warnings"", ""components_"", ""copy"", ""core_sample_indices_"", ""diagonal"", ""e"", ""empty"", ""eps"", ""fit"", ""full"", ""intp"", ""issparse"", ""labels_"", ""leaf_size"", ""metric"", ""metric_params"", ""min_samples"", ""n_jobs"", ""p"", ""radius_neighbors"", ""setdiag"", ""shape"", ""simplefilter"", ""sum"", ""uint8"", ""where""]"
1.9.0,sklearn.tree._classes,DecisionTreeClassifier,fit,sklearn.tree._classes.DecisionTreeClassifier.fit,/opt/hostedtoolcache/Python/3.12.13/x64/lib/python3.12/site-packages/sklearn/tree/_classes.py,mixed,medium,present,"canonical-headline:digits,iris",approximately equivalent,"[""numpy-bound:np."", ""python-control-loops:2""]","[""float32""]"
1.9.0,sklearn.tree._classes,DecisionTreeClassifier,predict,sklearn.tree._classes.DecisionTreeClassifier.predict,/opt/hostedtoolcache/Python/3.12.13/x64/lib/python3.12/site-packages/sklearn/tree/_classes.py,mixed,medium,present,"canonical-headline:digits,iris",approximately equivalent,"[""numpy-bound:np."", ""python-control-loops:3""]","[""_validate_X_predict"", ""argmax"", ""classes_"", ""float32"", ""n_outputs_"", ""shape"", ""tree_"", ""zeros""]"
1.9.0,sklearn.tree._classes,DecisionTreeClassifier,predict_proba,sklearn.tree._classes.DecisionTreeClassifier.predict_proba,/opt/hostedtoolcache/Python/3.12.13/x64/lib/python3.12/site-packages/sklearn/tree/_classes.py,numpy-bound,medium,present,"canonical-headline:digits,iris",approximately equivalent,"[""numpy-bound:np.""]","[""_validate_X_predict"", ""append"", ""float32"", ""n_classes_"", ""n_outputs_"", ""tree_""]"
1.9.0,sklearn.tree._classes,DecisionTreeRegressor,fit,sklearn.tree._classes.DecisionTreeRegressor.fit,/opt/hostedtoolcache/Python/3.12.13/x64/lib/python3.12/site-packages/sklearn/tree/_classes.py,mixed,medium,present,not-in-canonical-headline,not-in-canonical-headline,"[""numpy-bound:np."", ""python-control-loops:3""]","[""float32"", ""float64""]"
1.9.0,sklearn.tree._classes,DecisionTreeRegressor,predict,sklearn.tree._classes.DecisionTreeRegressor.predict,/opt/hostedtoolcache/Python/3.12.13/x64/lib/python3.12/site-packages/sklearn/tree/_classes.py,mixed,medium,present,not-in-canonical-headline,not-in-canonical-headline,"[""numpy-bound:np."", ""python-control-loops:3""]","[""_validate_X_predict"", ""argmax"", ""classes_"", ""float32"", ""n_outputs_"", ""shape"", ""tree_"", ""zeros""]"
1.9.0,sklearn.feature_extraction._dict_vectorizer,DictVectorizer,fit,sklearn.feature_extraction._dict_vectorizer.DictVectorizer.fit,/opt/hostedtoolcache/Python/3.12.13/x64/lib/python3.12/site-packages/sklearn/feature_extraction/_dict_vectorizer.py,python-bound,medium,present,not-in-canonical-headline,not-in-canonical-headline,"[""python-control-loops:5""]","[""_add_iterable_element"", ""append"", ""feature_names_"", ""items"", ""separator"", ""sort"", ""vocabulary_""]"
1.9.0,sklearn.feature_extraction._dict_vectorizer,DictVectorizer,transform,sklearn.feature_extraction._dict_vectorizer.DictVectorizer.transform,/opt/hostedtoolcache/Python/3.12.13/x64/lib/python3.12/site-packages/sklearn/feature_extraction/_dict_vectorizer.py,python-bound,low,present,not-in-canonical-headline,not-in-canonical-headline,"[""python entry point; no recognized native dispatch evidence""]","[""_transform""]"
1.9.0,sklearn.decomposition._dict_learning,DictionaryLearning,fit,sklearn.decomposition._dict_learning.DictionaryLearning.fit,/opt/hostedtoolcache/Python/3.12.13/x64/lib/python3.12/site-packages/sklearn/decomposition/_dict_learning.py,python-bound,low,present,not-in-canonical-headline,not-in-canonical-headline,"[""python entry point; no recognized native dispatch evidence""]","[""fit_transform""]"
1.9.0,sklearn.decomposition._dict_learning,DictionaryLearning,transform,sklearn.decomposition._dict_learning.DictionaryLearning.transform,/opt/hostedtoolcache/Python/3.12.13/x64/lib/python3.12/site-packages/sklearn/decomposition/_dict_learning.py,python-bound,low,present,not-in-canonical-headline,not-in-canonical-headline,"[""python entry point; no recognized native dispatch evidence""]","[""_transform"", ""components_""]"
1.9.0,sklearn.dummy,DummyClassifier,fit,sklearn.dummy.DummyClassifier.fit,/opt/hostedtoolcache/Python/3.12.13/x64/lib/python3.12/site-packages/sklearn/dummy.py,mixed,medium,present,not-in-canonical-headline,not-in-canonical-headline,"[""numpy-bound:np."", ""python-control-loops:2""]","[""_strategy"", ""asarray"", ""atleast_1d"", ""class_prior_"", ""classes_"", ""constant"", ""issparse"", ""n_classes_"", ""n_outputs_"", ""ndim"", ""reshape"", ""shape"", ""sparse_output_"", ""strategy"", ""toarray"", ""warn""]"
1.9.0,sklearn.dummy,DummyClassifier,predict,sklearn.dummy.DummyClassifier.predict,/opt/hostedtoolcache/Python/3.12.13/x64/lib/python3.12/site-packages/sklearn/dummy.py,mixed,medium,present,not-in-canonical-headline,not-in-canonical-headline,"[""numpy-bound:np."", ""python-control-loops:7""]","[""_strategy"", ""argmax"", ""array"", ""class_prior_"", ""classes_"", ""constant"", ""n_classes_"", ""n_outputs_"", ""predict_proba"", ""randint"", ""random_state"", ""ravel"", ""sparse_output_"", ""tile"", ""vstack""]"
1.9.0,sklearn.dummy,DummyClassifier,predict_proba,sklearn.dummy.DummyClassifier.predict_proba,/opt/hostedtoolcache/Python/3.12.13/x64/lib/python3.12/site-packages/sklearn/dummy.py,mixed,medium,present,not-in-canonical-headline,not-in-canonical-headline,"[""numpy-bound:np."", ""python-control-loops:5""]","[""_strategy"", ""append"", ""astype"", ""class_prior_"", ""classes_"", ""constant"", ""float64"", ""multinomial"", ""n_classes_"", ""n_outputs_"", ""ones"", ""random_state"", ""where"", ""zeros""]"
1.9.0,sklearn.dummy,DummyRegressor,fit,sklearn.dummy.DummyRegressor.fit,/opt/hostedtoolcache/Python/3.12.13/x64/lib/python3.12/site-packages/sklearn/dummy.py,numpy-bound,medium,present,not-in-canonical-headline,not-in-canonical-headline,"[""numpy-bound:np.""]","[""average"", ""constant"", ""constant_"", ""median"", ""n_outputs_"", ""ndim"", ""percentile"", ""quantile"", ""reshape"", ""shape"", ""strategy""]"
1.9.0,sklearn.dummy,DummyRegressor,predict,sklearn.dummy.DummyRegressor.predict,/opt/hostedtoolcache/Python/3.12.13/x64/lib/python3.12/site-packages/sklearn/dummy.py,numpy-bound,medium,present,not-in-canonical-headline,not-in-canonical-headline,"[""numpy-bound:np.""]","[""array"", ""constant_"", ""full"", ""n_outputs_"", ""ravel"", ""zeros""]"
1.9.0,sklearn.linear_model._coordinate_descent,ElasticNet,fit,sklearn.linear_model._coordinate_descent.ElasticNet.fit,/opt/hostedtoolcache/Python/3.12.13/x64/lib/python3.12/site-packages/sklearn/linear_model/_coordinate_descent.py,mixed,medium,present,not-in-canonical-headline,not-in-canonical-headline,"[""numpy-bound:np."", ""python-control-loops:4""]","[""Number"", ""_set_intercept"", ""alpha"", ""average"", ""coef_"", ""copy_X"", ""dtype"", ""dual_gap_"", ""e"", ""fit_intercept"", ""float32"", ""float64"", ""intercept_"", ""isfinite"", ""l1_ratio"", ""max_iter"", ""n_iter_"", ""ndim"", ""newaxis"", ""path"", ""positive"", ""precompute"", ""random_state"", ""selection"", ""shape"", ""sum"", ""tol"", ""warm_start"", ""warn"", ""zeros""]"
1.9.0,sklearn.linear_model._coordinate_descent,ElasticNet,predict,sklearn.linear_model._coordinate_descent.ElasticNet.predict,/opt/hostedtoolcache/Python/3.12.13/x64/lib/python3.12/site-packages/sklearn/linear_model/_base.py,python-bound,low,present,not-in-canonical-headline,not-in-canonical-headline,"[""python entry point; no recognized native dispatch evidence""]",[]
1.9.0,sklearn.linear_model._coordinate_descent,ElasticNetCV,fit,sklearn.linear_model._coordinate_descent.ElasticNetCV.fit,/opt/hostedtoolcache/Python/3.12.13/x64/lib/python3.12/site-packages/sklearn/linear_model/_coordinate_descent.py,python-bound,medium,present,not-in-canonical-headline,not-in-canonical-headline,"[""python-control-loops:2""]","[""set_config""]"
1.9.0,sklearn.linear_model._coordinate_descent,ElasticNetCV,predict,sklearn.linear_model._coordinate_descent.ElasticNetCV.predict,/opt/hostedtoolcache/Python/3.12.13/x64/lib/python3.12/site-packages/sklearn/linear_model/_base.py,python-bound,low,present,not-in-canonical-headline,not-in-canonical-headline,"[""python entry point; no recognized native dispatch evidence""]",[]
1.9.0,sklearn.covariance._elliptic_envelope,EllipticEnvelope,fit,sklearn.covariance._elliptic_envelope.EllipticEnvelope.fit,/opt/hostedtoolcache/Python/3.12.13/x64/lib/python3.12/site-packages/sklearn/covariance/_elliptic_envelope.py,numpy-bound,medium,present,not-in-canonical-headline,not-in-canonical-headline,"[""numpy-bound:np.""]","[""contamination"", ""dist_"", ""offset_"", ""percentile""]"
1.9.0,sklearn.covariance._elliptic_envelope,EllipticEnvelope,predict,sklearn.covariance._elliptic_envelope.EllipticEnvelope.predict,/opt/hostedtoolcache/Python/3.12.13/x64/lib/python3.12/site-packages/sklearn/covariance/_elliptic_envelope.py,mixed,medium,present,not-in-canonical-headline,not-in-canonical-headline,"[""numpy-bound:np."", ""python-control-loops:2""]","[""decision_function"", ""full"", ""shape""]"
1.9.0,sklearn.covariance._elliptic_envelope,EllipticEnvelope,decision_function,sklearn.covariance._elliptic_envelope.EllipticEnvelope.decision_function,/opt/hostedtoolcache/Python/3.12.13/x64/lib/python3.12/site-packages/sklearn/covariance/_elliptic_envelope.py,python-bound,low,present,not-in-canonical-headline,not-in-canonical-headline,"[""python entry point; no recognized native dispatch evidence""]","[""offset_"", ""score_samples""]"
1.9.0,sklearn.covariance._empirical_covariance,EmpiricalCovariance,fit,sklearn.covariance._empirical_covariance.EmpiricalCovariance.fit,/opt/hostedtoolcache/Python/3.12.13/x64/lib/python3.12/site-packages/sklearn/covariance/_empirical_covariance.py,numpy-bound,medium,present,not-in-canonical-headline,not-in-canonical-headline,"[""numpy-bound:np.""]","[""_set_covariance"", ""assume_centered"", ""location_"", ""mean"", ""shape"", ""zeros""]"
1.9.0,sklearn.tree._classes,ExtraTreeClassifier,fit,sklearn.tree._classes.ExtraTreeClassifier.fit,/opt/hostedtoolcache/Python/3.12.13/x64/lib/python3.12/site-packages/sklearn/tree/_classes.py,mixed,medium,present,not-in-canonical-headline,not-in-canonical-headline,"[""numpy-bound:np."", ""python-control-loops:2""]","[""float32""]"
1.9.0,sklearn.tree._classes,ExtraTreeClassifier,predict,sklearn.tree._classes.ExtraTreeClassifier.predict,/opt/hostedtoolcache/Python/3.12.13/x64/lib/python3.12/site-packages/sklearn/tree/_classes.py,mixed,medium,present,not-in-canonical-headline,not-in-canonical-headline,"[""numpy-bound:np."", ""python-control-loops:3""]","[""_validate_X_predict"", ""argmax"", ""classes_"", ""float32"", ""n_outputs_"", ""shape"", ""tree_"", ""zeros""]"
1.9.0,sklearn.tree._classes,ExtraTreeClassifier,predict_proba,sklearn.tree._classes.ExtraTreeClassifier.predict_proba,/opt/hostedtoolcache/Python/3.12.13/x64/lib/python3.12/site-packages/sklearn/tree/_classes.py,numpy-bound,medium,present,not-in-canonical-headline,not-in-canonical-headline,"[""numpy-bound:np.""]","[""_validate_X_predict"", ""append"", ""float32"", ""n_classes_"", ""n_outputs_"", ""tree_""]"
1.9.0,sklearn.tree._classes,ExtraTreeRegressor,fit,sklearn.tree._classes.ExtraTreeRegressor.fit,/opt/hostedtoolcache/Python/3.12.13/x64/lib/python3.12/site-packages/sklearn/tree/_classes.py,mixed,medium,present,not-in-canonical-headline,not-in-canonical-headline,"[""numpy-bound:np."", ""python-control-loops:3""]","[""float32"", ""float64""]"
1.9.0,sklearn.tree._classes,ExtraTreeRegressor,predict,sklearn.tree._classes.ExtraTreeRegressor.predict,/opt/hostedtoolcache/Python/3.12.13/x64/lib/python3.12/site-packages/sklearn/tree/_classes.py,mixed,medium,present,not-in-canonical-headline,not-in-canonical-headline,"[""numpy-bound:np."", ""python-control-loops:3""]","[""_validate_X_predict"", ""argmax"", ""classes_"", ""float32"", ""n_outputs_"", ""shape"", ""tree_"", ""zeros""]"
1.9.0,sklearn.ensemble._forest,ExtraTreesClassifier,fit,sklearn.ensemble._forest.ExtraTreesClassifier.fit,/opt/hostedtoolcache/Python/3.12.13/x64/lib/python3.12/site-packages/sklearn/ensemble/_forest.py,mixed,medium,present,not-in-canonical-headline,not-in-canonical-headline,"[""cython-bound:_forest"", ""cython-bound:_tree"", ""numpy-bound:np."", ""python-control-loops:11""]","[""__class__"", ""_compute_missing_values_in_feature_mask"", ""_make_estimator"", ""_n_samples"", ""_n_samples_bootstrap"", ""_sample_weight"", ""_set_oob_score_and_attributes"", ""_validate_estimator"", ""_validate_y_class_weight"", ""any"", ""ascontiguousarray"", ""atleast_1d"", ""bootstrap"", ""class_weight"", ""classes_"", ""criterion"", ""estimator"", ""estimators_"", ""flags"", ""float32"", ""float64"", ""g"", ""max_samples"", ""n_classes_"", ""n_estimators"", ""n_jobs"", ""n_outputs_"", ""ndim"", ""newaxis"", ""oob_score"", ""randint"", ""random_state"", ""reshape"", ""shape"", ""sort_indices"", ""sum"", ""verbose"", ""warm_start""]"
1.9.0,sklearn.ensemble._forest,ExtraTreesClassifier,predict,sklearn.ensemble._forest.ExtraTreesClassifier.predict,/opt/hostedtoolcache/Python/3.12.13/x64/lib/python3.12/site-packages/sklearn/ensemble/_forest.py,mixed,medium,present,not-in-canonical-headline,not-in-canonical-headline,"[""cython-bound:_forest"", ""numpy-bound:np."", ""python-control-loops:2""]","[""argmax"", ""classes_"", ""empty"", ""float32"", ""n_outputs_"", ""predict_proba""]"
1.9.0,sklearn.ensemble._forest,ExtraTreesClassifier,predict_proba,sklearn.ensemble._forest.ExtraTreesClassifier.predict_proba,/opt/hostedtoolcache/Python/3.12.13/x64/lib/python3.12/site-packages/sklearn/ensemble/_forest.py,mixed,medium,present,not-in-canonical-headline,not-in-canonical-headline,"[""cython-bound:_forest"", ""numpy-bound:np."", ""python-control-loops:4""]","[""Lock"", ""_validate_X_predict"", ""atleast_1d"", ""estimators_"", ""float32"", ""float64"", ""n_classes_"", ""n_estimators"", ""n_jobs"", ""predict_proba"", ""shape"", ""verbose"", ""zeros""]"
1.9.0,sklearn.ensemble._forest,ExtraTreesRegressor,fit,sklearn.ensemble._forest.ExtraTreesRegressor.fit,/opt/hostedtoolcache/Python/3.12.13/x64/lib/python3.12/site-packages/sklearn/ensemble/_forest.py,mixed,medium,present,not-in-canonical-headline,not-in-canonical-headline,"[""cython-bound:_forest"", ""cython-bound:_tree"", ""numpy-bound:np."", ""python-control-loops:11""]","[""__class__"", ""_compute_missing_values_in_feature_mask"", ""_make_estimator"", ""_n_samples"", ""_n_samples_bootstrap"", ""_sample_weight"", ""_set_oob_score_and_attributes"", ""_validate_estimator"", ""_validate_y_class_weight"", ""any"", ""ascontiguousarray"", ""atleast_1d"", ""bootstrap"", ""class_weight"", ""classes_"", ""criterion"", ""estimator"", ""estimators_"", ""flags"", ""float32"", ""float64"", ""g"", ""max_samples"", ""n_classes_"", ""n_estimators"", ""n_jobs"", ""n_outputs_"", ""ndim"", ""newaxis"", ""oob_score"", ""randint"", ""random_state"", ""reshape"", ""shape"", ""sort_indices"", ""sum"", ""verbose"", ""warm_start""]"
1.9.0,sklearn.ensemble._forest,ExtraTreesRegressor,predict,sklearn.ensemble._forest.ExtraTreesRegressor.predict,/opt/hostedtoolcache/Python/3.12.13/x64/lib/python3.12/site-packages/sklearn/ensemble/_forest.py,mixed,medium,present,not-in-canonical-headline,not-in-canonical-headline,"[""cython-bound:_forest"", ""numpy-bound:np."", ""python-control-loops:2""]","[""Lock"", ""_validate_X_predict"", ""estimators_"", ""float32"", ""float64"", ""n_estimators"", ""n_jobs"", ""n_outputs_"", ""predict"", ""shape"", ""verbose"", ""zeros""]"
1.9.0,sklearn.decomposition._factor_analysis,FactorAnalysis,fit,sklearn.decomposition._factor_analysis.FactorAnalysis.fit,/opt/hostedtoolcache/Python/3.12.13/x64/lib/python3.12/site-packages/sklearn/decomposition/_factor_analysis.py,mixed,medium,present,not-in-canonical-headline,not-in-canonical-headline,"[""blas-lapack-bound:lapack"", ""blas-lapack-bound:linalg.svd"", ""numpy-bound:np."", ""python-control-loops:2""]","[""_rotate"", ""append"", ""array"", ""components_"", ""copy"", ""dtype"", ""float64"", ""inf"", ""iterated_power"", ""log"", ""loglike_"", ""max_iter"", ""maximum"", ""mean"", ""mean_"", ""n_components"", ""n_iter_"", ""newaxis"", ""noise_variance_"", ""noise_variance_init"", ""ones"", ""pi"", ""random_state"", ""rotation"", ""shape"", ""sqrt"", ""sum"", ""svd"", ""svd_method"", ""tol"", ""var"", ""warn""]"
1.9.0,sklearn.decomposition._factor_analysis,FactorAnalysis,transform,sklearn.decomposition._factor_analysis.FactorAnalysis.transform,/opt/hostedtoolcache/Python/3.12.13/x64/lib/python3.12/site-packages/sklearn/decomposition/_factor_analysis.py,numpy-bound,medium,present,not-in-canonical-headline,not-in-canonical-headline,"[""numpy-bound:np.""]","[""T"", ""components_"", ""dot"", ""eye"", ""inv"", ""mean_"", ""noise_variance_""]"
1.9.0,sklearn.decomposition._fastica,FastICA,fit,sklearn.decomposition._fastica.FastICA.fit,/opt/hostedtoolcache/Python/3.12.13/x64/lib/python3.12/site-packages/sklearn/decomposition/_fastica.py,python-bound,low,present,not-in-canonical-headline,not-in-canonical-headline,"[""python entry point; no recognized native dispatch evidence""]","[""_fit_transform""]"
1.9.0,sklearn.decomposition._fastica,FastICA,transform,sklearn.decomposition._fastica.FastICA.transform,/opt/hostedtoolcache/Python/3.12.13/x64/lib/python3.12/site-packages/sklearn/decomposition/_fastica.py,numpy-bound,medium,present,not-in-canonical-headline,not-in-canonical-headline,"[""numpy-bound:np.""]","[""components_"", ""dot"", ""float32"", ""float64"", ""mean_"", ""whiten""]"
1.9.0,sklearn.cluster._agglomerative,FeatureAgglomeration,fit,sklearn.cluster._agglomerative.FeatureAgglomeration.fit,/opt/hostedtoolcache/Python/3.12.13/x64/lib/python3.12/site-packages/sklearn/cluster/_agglomerative.py,python-bound,low,present,not-in-canonical-headline,not-in-canonical-headline,"[""python entry point; no recognized native dispatch evidence""]","[""T"", ""_n_features_out"", ""n_clusters_""]"
1.9.0,sklearn.cluster._agglomerative,FeatureAgglomeration,transform,sklearn.cluster._agglomerative.FeatureAgglomeration.transform,/opt/hostedtoolcache/Python/3.12.13/x64/lib/python3.12/site-packages/sklearn/cluster/_feature_agglomeration.py,mixed,medium,present,not-in-canonical-headline,not-in-canonical-headline,"[""numpy-bound:np."", ""python-control-loops:3""]","[""array"", ""bincount"", ""labels_"", ""mean"", ""pooling_func"", ""shape"", ""unique""]"
1.9.0,sklearn.feature_extraction._hash,FeatureHasher,fit,sklearn.feature_extraction._hash.FeatureHasher.fit,/opt/hostedtoolcache/Python/3.12.13/x64/lib/python3.12/site-packages/sklearn/feature_extraction/_hash.py,python-bound,medium,present,not-in-canonical-headline,not-in-canonical-headline,"[""python-control-loops:2""]",[]
1.9.0,sklearn.feature_extraction._hash,FeatureHasher,transform,sklearn.feature_extraction._hash.FeatureHasher.transform,/opt/hostedtoolcache/Python/3.12.13/x64/lib/python3.12/site-packages/sklearn/feature_extraction/_hash.py,mixed,medium,present,not-in-canonical-headline,not-in-canonical-headline,"[""scipy-bound:scipy."", ""python-control-loops:4""]","[""alternate_sign"", ""csr_array"", ""dtype"", ""g"", ""input_type"", ""n_features"", ""shape"", ""sparse"", ""sum_duplicates""]"
1.9.0,sklearn.pipeline,FeatureUnion,fit,sklearn.pipeline.FeatureUnion.fit,/opt/hostedtoolcache/Python/3.12.13/x64/lib/python3.12/site-packages/sklearn/pipeline.py,python-bound,medium,present,not-in-canonical-headline,not-in-canonical-headline,"[""python-control-loops:3""]","[""_parallel_func"", ""_update_transformer_list"", ""transformer_list""]"
1.9.0,sklearn.pipeline,FeatureUnion,transform,sklearn.pipeline.FeatureUnion.transform,/opt/hostedtoolcache/Python/3.12.13/x64/lib/python3.12/site-packages/sklearn/pipeline.py,python-bound,medium,present,not-in-canonical-headline,not-in-canonical-headline,"[""python-control-loops:3""]","[""_hstack"", ""_iter"", ""n_jobs"", ""shape"", ""transformer_list"", ""zeros""]"
1.9.0,sklearn.model_selection._classification_threshold,FixedThresholdClassifier,fit,sklearn.model_selection._classification_threshold.FixedThresholdClassifier.fit,/opt/hostedtoolcache/Python/3.12.13/x64/lib/python3.12/site-packages/sklearn/model_selection/_classification_threshold.py,python-bound,low,not-found-by-name,not-in-canonical-headline,not-in-canonical-headline,"[""python entry point; no recognized native dispatch evidence""]","[""_fit"", ""estimator_"", ""feature_names_in_"", ""n_features_in_""]"
1.9.0,sklearn.model_selection._classification_threshold,FixedThresholdClassifier,predict,sklearn.model_selection._classification_threshold.FixedThresholdClassifier.predict,/opt/hostedtoolcache/Python/3.12.13/x64/lib/python3.12/site-packages/sklearn/model_selection/_classification_threshold.py,python-bound,low,not-found-by-name,not-in-canonical-headline,not-in-canonical-headline,"[""python entry point; no recognized native dispatch evidence""]","[""_get_response_method"", ""classes_"", ""estimator"", ""pos_label"", ""predict"", ""threshold""]"
1.9.0,sklearn.model_selection._classification_threshold,FixedThresholdClassifier,predict_proba,sklearn.model_selection._classification_threshold.FixedThresholdClassifier.predict_proba,/opt/hostedtoolcache/Python/3.12.13/x64/lib/python3.12/site-packages/sklearn/model_selection/_classification_threshold.py,python-bound,low,not-found-by-name,not-in-canonical-headline,not-in-canonical-headline,"[""python entry point; no recognized native dispatch evidence""]","[""estimator"", ""predict_proba""]"
1.9.0,sklearn.model_selection._classification_threshold,FixedThresholdClassifier,decision_function,sklearn.model_selection._classification_threshold.FixedThresholdClassifier.decision_function,/opt/hostedtoolcache/Python/3.12.13/x64/lib/python3.12/site-packages/sklearn/model_selection/_classification_threshold.py,python-bound,low,not-found-by-name,not-in-canonical-headline,not-in-canonical-headline,"[""python entry point; no recognized native dispatch evidence""]","[""decision_function"", ""estimator""]"
1.9.0,sklearn.frozen._frozen,FrozenEstimator,fit,sklearn.frozen._frozen.FrozenEstimator.fit,/opt/hostedtoolcache/Python/3.12.13/x64/lib/python3.12/site-packages/sklearn/frozen/_frozen.py,python-bound,medium,not-found-by-name,not-in-canonical-headline,not-in-canonical-headline,"[""python-control-loops:2""]","[""estimator""]"
1.9.0,sklearn.preprocessing._function_transformer,FunctionTransformer,fit,sklearn.preprocessing._function_transformer.FunctionTransformer.fit,/opt/hostedtoolcache/Python/3.12.13/x64/lib/python3.12/site-packages/sklearn/preprocessing/_function_transformer.py,python-bound,low,present,not-in-canonical-headline,not-in-canonical-headline,"[""python entry point; no recognized native dispatch evidence""]","[""_check_inverse_transform"", ""accept_sparse"", ""check_inverse"", ""func"", ""inverse_func"", ""validate""]"
1.9.0,sklearn.preprocessing._function_transformer,FunctionTransformer,transform,sklearn.preprocessing._function_transformer.FunctionTransformer.transform,/opt/hostedtoolcache/Python/3.12.13/x64/lib/python3.12/site-packages/sklearn/preprocessing/_function_transformer.py,python-bound,low,present,not-in-canonical-headline,not-in-canonical-headline,"[""python entry point; no recognized native dispatch evidence""]","[""_transform"", ""accept_sparse"", ""columns"", ""create_container"", ""feature_names_out"", ""format"", ""func"", ""get_feature_names_out"", ""kw_args"", ""validate"", ""warn""]"
1.9.0,sklearn.linear_model._glm.glm,GammaRegressor,fit,sklearn.linear_model._glm.glm.GammaRegressor.fit,/opt/hostedtoolcache/Python/3.12.13/x64/lib/python3.12/site-packages/sklearn/linear_model/_glm/glm.py,mixed,medium,present,not-in-canonical-headline,not-in-canonical-headline,"[""cython-bound:_loss"", ""scipy-bound:optimize."", ""scipy-bound:scipy."", ""blas-lapack-bound:cholesky"", ""numpy-bound:np."", ""python-control-loops:2""]","[""__name__"", ""_base_loss"", ""_get_loss"", ""alpha"", ""array"", ""asarray"", ""astype"", ""base_loss"", ""coef_"", ""concatenate"", ""copy"", ""dtype"", ""finfo"", ""fit_intercept"", ""float32"", ""float64"", ""init_zero_coef"", ""intercept_"", ""iteration"", ""link"", ""loss"", ""loss_gradient"", ""max_iter"", ""n_iter_"", ""optimize"", ""shape"", ""solve"", ""solver"", ""tol"", ""verbose"", ""warm_start"", ""x""]"
1.9.0,sklearn.linear_model._glm.glm,GammaRegressor,predict,sklearn.linear_model._glm.glm.GammaRegressor.predict,/opt/hostedtoolcache/Python/3.12.13/x64/lib/python3.12/site-packages/sklearn/linear_model/_glm/glm.py,cython-bound,high,present,not-in-canonical-headline,not-in-canonical-headline,"[""cython-bound:_loss""]","[""_base_loss"", ""_linear_predictor"", ""inverse""]"
1.9.0,sklearn.mixture._gaussian_mixture,GaussianMixture,fit,sklearn.mixture._gaussian_mixture.GaussianMixture.fit,/opt/hostedtoolcache/Python/3.12.13/x64/lib/python3.12/site-packages/sklearn/mixture/_base.py,python-bound,medium,present,not-in-canonical-headline,not-in-canonical-headline,"[""python-control-loops:2""]","[""fit_predict""]"
1.9.0,sklearn.mixture._gaussian_mixture,GaussianMixture,predict,sklearn.mixture._gaussian_mixture.GaussianMixture.predict,/opt/hostedtoolcache/Python/3.12.13/x64/lib/python3.12/site-packages/sklearn/mixture/_base.py,python-bound,low,present,not-in-canonical-headline,not-in-canonical-headline,"[""python entry point; no recognized native dispatch evidence""]","[""_estimate_weighted_log_prob"", ""argmax""]"
1.9.0,sklearn.mixture._gaussian_mixture,GaussianMixture,predict_proba,sklearn.mixture._gaussian_mixture.GaussianMixture.predict_proba,/opt/hostedtoolcache/Python/3.12.13/x64/lib/python3.12/site-packages/sklearn/mixture/_base.py,python-bound,medium,present,not-in-canonical-headline,not-in-canonical-headline,"[""python-control-loops:2""]","[""_estimate_log_prob_resp"", ""exp""]"
1.9.0,sklearn.naive_bayes,GaussianNB,fit,sklearn.naive_bayes.GaussianNB.fit,/opt/hostedtoolcache/Python/3.12.13/x64/lib/python3.12/site-packages/sklearn/naive_bayes.py,python-bound,low,present,"canonical-headline:digits,iris",parity verified,"[""python entry point; no recognized native dispatch evidence""]","[""_partial_fit"", ""unique_values""]"
1.9.0,sklearn.naive_bayes,GaussianNB,predict,sklearn.naive_bayes.GaussianNB.predict,/opt/hostedtoolcache/Python/3.12.13/x64/lib/python3.12/site-packages/sklearn/naive_bayes.py,python-bound,low,present,"canonical-headline:digits,iris",parity verified,"[""python entry point; no recognized native dispatch evidence""]","[""_check_X"", ""_joint_log_likelihood"", ""argmax"", ""classes_""]"
1.9.0,sklearn.naive_bayes,GaussianNB,predict_proba,sklearn.naive_bayes.GaussianNB.predict_proba,/opt/hostedtoolcache/Python/3.12.13/x64/lib/python3.12/site-packages/sklearn/naive_bayes.py,python-bound,medium,present,"canonical-headline:digits,iris",parity verified,"[""python-control-loops:2""]","[""exp"", ""predict_log_proba""]"
1.9.0,sklearn.gaussian_process._gpc,GaussianProcessClassifier,fit,sklearn.gaussian_process._gpc.GaussianProcessClassifier.fit,/opt/hostedtoolcache/Python/3.12.13/x64/lib/python3.12/site-packages/sklearn/gaussian_process/_gpc.py,numpy-bound,medium,present,not-in-canonical-headline,not-in-canonical-headline,"[""numpy-bound:np.""]","[""base_estimator_"", ""classes_"", ""copy_X_train"", ""kernel"", ""log_marginal_likelihood"", ""log_marginal_likelihood_value_"", ""max_iter_predict"", ""mean"", ""multi_class"", ""n_classes_"", ""n_jobs"", ""n_restarts_optimizer"", ""optimizer"", ""random_state"", ""unique"", ""warm_start""]"
1.9.0,sklearn.gaussian_process._gpc,GaussianProcessClassifier,predict,sklearn.gaussian_process._gpc.GaussianProcessClassifier.predict,/opt/hostedtoolcache/Python/3.12.13/x64/lib/python3.12/site-packages/sklearn/gaussian_process/_gpc.py,python-bound,medium,present,not-in-canonical-headline,not-in-canonical-headline,"[""python-control-loops:2""]","[""base_estimator_"", ""kernel""]"
1.9.0,sklearn.gaussian_process._gpc,GaussianProcessClassifier,predict_proba,sklearn.gaussian_process._gpc.GaussianProcessClassifier.predict_proba,/opt/hostedtoolcache/Python/3.12.13/x64/lib/python3.12/site-packages/sklearn/gaussian_process/_gpc.py,python-bound,medium,present,not-in-canonical-headline,not-in-canonical-headline,"[""python-control-loops:3""]","[""base_estimator_"", ""kernel"", ""multi_class"", ""n_classes_""]"
1.9.0,sklearn.gaussian_process._gpr,GaussianProcessRegressor,fit,sklearn.gaussian_process._gpr.GaussianProcessRegressor.fit,/opt/hostedtoolcache/Python/3.12.13/x64/lib/python3.12/site-packages/sklearn/gaussian_process/_gpr.py,mixed,medium,present,not-in-canonical-headline,not-in-canonical-headline,"[""blas-lapack-bound:cho_solve"", ""blas-lapack-bound:cholesky"", ""numpy-bound:np."", ""python-control-loops:2""]","[""L_"", ""X_train_"", ""_constrained_optimization"", ""_rng"", ""_y_train_mean"", ""_y_train_std"", ""alpha"", ""alpha_"", ""append"", ""argmin"", ""args"", ""copy"", ""copy_X_train"", ""diag_indices_from"", ""isfinite"", ""iterable"", ""kernel"", ""kernel_"", ""linalg"", ""log_marginal_likelihood"", ""log_marginal_likelihood_value_"", ""mean"", ""min"", ""n_restarts_optimizer"", ""n_targets"", ""ndim"", ""normalize_y"", ""ones"", ""optimizer"", ""random_state"", ""shape"", ""std"", ""y_train_"", ""zeros""]"
1.9.0,sklearn.gaussian_process._gpr,GaussianProcessRegressor,predict,sklearn.gaussian_process._gpr.GaussianProcessRegressor.predict,/opt/hostedtoolcache/Python/3.12.13/x64/lib/python3.12/site-packages/sklearn/gaussian_process/_gpr.py,mixed,medium,present,not-in-canonical-headline,not-in-canonical-headline,"[""blas-lapack-bound:cholesky"", ""numpy-bound:np.""]","[""L_"", ""T"", ""X_train_"", ""_y_train_mean"", ""_y_train_std"", ""alpha_"", ""any"", ""diag"", ""einsum"", ""expand_dims"", ""kernel"", ""kernel_"", ""n_targets"", ""ndim"", ""outer"", ""repeat"", ""shape"", ""sqrt"", ""squeeze"", ""warn"", ""zeros""]"
1.9.0,sklearn.random_projection,GaussianRandomProjection,fit,sklearn.random_projection.GaussianRandomProjection.fit,/opt/hostedtoolcache/Python/3.12.13/x64/lib/python3.12/site-packages/sklearn/random_projection.py,numpy-bound,medium,present,not-in-canonical-headline,not-in-canonical-headline,"[""numpy-bound:np.""]","[""_compute_inverse_components"", ""_make_random_matrix"", ""_n_features_out"", ""components_"", ""compute_inverse_components"", ""dtype"", ""eps"", ""float32"", ""float64"", ""get_feature_names_out"", ""inverse_components_"", ""n_components"", ""n_components_"", ""shape"", ""warn""]"
1.9.0,sklearn.random_projection,GaussianRandomProjection,transform,sklearn.random_projection.GaussianRandomProjection.transform,/opt/hostedtoolcache/Python/3.12.13/x64/lib/python3.12/site-packages/sklearn/random_projection.py,numpy-bound,medium,present,not-in-canonical-headline,not-in-canonical-headline,"[""numpy-bound:np.""]","[""components_"", ""float32"", ""float64""]"
1.9.0,sklearn.feature_selection._univariate_selection,GenericUnivariateSelect,fit,sklearn.feature_selection._univariate_selection.GenericUnivariateSelect.fit,/opt/hostedtoolcache/Python/3.12.13/x64/lib/python3.12/site-packages/sklearn/feature_selection/_univariate_selection.py,numpy-bound,medium,present,not-in-canonical-headline,not-in-canonical-headline,"[""numpy-bound:np.""]","[""_check_params"", ""asarray"", ""pvalues_"", ""score_func"", ""scores_""]"
1.9.0,sklearn.feature_selection._univariate_selection,GenericUnivariateSelect,transform,sklearn.feature_selection._univariate_selection.GenericUnivariateSelect.transform,/opt/hostedtoolcache/Python/3.12.13/x64/lib/python3.12/site-packages/sklearn/feature_selection/_base.py,python-bound,low,present,not-in-canonical-headline,not-in-canonical-headline,"[""python entry point; no recognized native dispatch evidence""]","[""_transform"", ""allow_nan""]"
1.9.0,sklearn.ensemble._gb,GradientBoostingClassifier,fit,sklearn.ensemble._gb.GradientBoostingClassifier.fit,/opt/hostedtoolcache/Python/3.12.13/x64/lib/python3.12/site-packages/sklearn/ensemble/_gb.py,mixed,medium,present,not-in-canonical-headline,not-in-canonical-headline,"[""cython-bound:_loss"", ""cython-bound:_tree"", ""numpy-bound:np."", ""python-control-loops:4""]","[""__name__"", ""_clear_state"", ""_encode_y"", ""_fit_stages"", ""_get_loss"", ""_init_state"", ""_is_fitted"", ""_loss"", ""_raw_predict"", ""_resize_state"", ""_rng"", ""_set_max_features"", ""criterion"", ""estimators_"", ""float32"", ""float64"", ""init_"", ""loss"", ""n_classes_"", ""n_estimators"", ""n_estimators_"", ""n_iter_no_change"", ""n_trees_per_iteration_"", ""oob_improvement_"", ""oob_score_"", ""oob_scores_"", ""random_state"", ""shape"", ""train_score_"", ""unique"", ""validation_fraction"", ""warm_start"", ""warn"", ""zeros""]"
1.9.0,sklearn.ensemble._gb,GradientBoostingClassifier,predict,sklearn.ensemble._gb.GradientBoostingClassifier.predict,/opt/hostedtoolcache/Python/3.12.13/x64/lib/python3.12/site-packages/sklearn/ensemble/_gb.py,numpy-bound,medium,present,not-in-canonical-headline,not-in-canonical-headline,"[""numpy-bound:np.""]","[""argmax"", ""classes_"", ""decision_function"", ""float32"", ""ndim""]"
1.9.0,sklearn.ensemble._gb,GradientBoostingClassifier,predict_proba,sklearn.ensemble._gb.GradientBoostingClassifier.predict_proba,/opt/hostedtoolcache/Python/3.12.13/x64/lib/python3.12/site-packages/sklearn/ensemble/_gb.py,cython-bound,medium,present,not-in-canonical-headline,not-in-canonical-headline,"[""cython-bound:_loss"", ""numpy-bound:np.""]","[""_loss"", ""decision_function"", ""float32""]"
1.9.0,sklearn.ensemble._gb,GradientBoostingClassifier,decision_function,sklearn.ensemble._gb.GradientBoostingClassifier.decision_function,/opt/hostedtoolcache/Python/3.12.13/x64/lib/python3.12/site-packages/sklearn/ensemble/_gb.py,numpy-bound,medium,present,not-in-canonical-headline,not-in-canonical-headline,"[""numpy-bound:np.""]","[""_raw_predict"", ""float32"", ""ravel"", ""shape""]"
1.9.0,sklearn.ensemble._gb,GradientBoostingRegressor,fit,sklearn.ensemble._gb.GradientBoostingRegressor.fit,/opt/hostedtoolcache/Python/3.12.13/x64/lib/python3.12/site-packages/sklearn/ensemble/_gb.py,mixed,medium,present,not-in-canonical-headline,not-in-canonical-headline,"[""cython-bound:_loss"", ""cython-bound:_tree"", ""numpy-bound:np."", ""python-control-loops:4""]","[""__name__"", ""_clear_state"", ""_encode_y"", ""_fit_stages"", ""_get_loss"", ""_init_state"", ""_is_fitted"", ""_loss"", ""_raw_predict"", ""_resize_state"", ""_rng"", ""_set_max_features"", ""criterion"", ""estimators_"", ""float32"", ""float64"", ""init_"", ""loss"", ""n_classes_"", ""n_estimators"", ""n_estimators_"", ""n_iter_no_change"", ""n_trees_per_iteration_"", ""oob_improvement_"", ""oob_score_"", ""oob_scores_"", ""random_state"", ""shape"", ""train_score_"", ""unique"", ""validation_fraction"", ""warm_start"", ""warn"", ""zeros""]"
1.9.0,sklearn.ensemble._gb,GradientBoostingRegressor,predict,sklearn.ensemble._gb.GradientBoostingRegressor.predict,/opt/hostedtoolcache/Python/3.12.13/x64/lib/python3.12/site-packages/sklearn/ensemble/_gb.py,numpy-bound,medium,present,not-in-canonical-headline,not-in-canonical-headline,"[""numpy-bound:np.""]","[""_raw_predict"", ""float32""]"
1.9.0,sklearn.covariance._graph_lasso,GraphicalLasso,fit,sklearn.covariance._graph_lasso.GraphicalLasso.fit,/opt/hostedtoolcache/Python/3.12.13/x64/lib/python3.12/site-packages/sklearn/covariance/_graph_lasso.py,mixed,medium,present,not-in-canonical-headline,not-in-canonical-headline,"[""numpy-bound:np."", ""python-control-loops:2""]","[""alpha"", ""assume_centered"", ""copy"", ""costs_"", ""covariance"", ""covariance_"", ""enet_tol"", ""eps"", ""location_"", ""max_iter"", ""mean"", ""mode"", ""n_iter_"", ""precision_"", ""shape"", ""tol"", ""verbose"", ""zeros""]"
1.9.0,sklearn.covariance._graph_lasso,GraphicalLassoCV,fit,sklearn.covariance._graph_lasso.GraphicalLassoCV.fit,/opt/hostedtoolcache/Python/3.12.13/x64/lib/python3.12/site-packages/sklearn/covariance/_graph_lasso.py,mixed,medium,present,not-in-canonical-headline,not-in-canonical-headline,"[""numpy-bound:np."", ""python-control-loops:9""]","[""alpha_"", ""alphas"", ""append"", ""array"", ""assume_centered"", ""catch_warnings"", ""costs_"", ""covariance_"", ""cv"", ""cv_results_"", ""enet_tol"", ""eps"", ""extend"", ""finfo"", ""float64"", ""inf"", ""isfinite"", ""itemgetter"", ""location_"", ""log10"", ""logspace"", ""max_iter"", ""mean"", ""mode"", ""n_iter_"", ""n_jobs"", ""n_refinements"", ""nan"", ""precision_"", ""set_config"", ""shape"", ""simplefilter"", ""split"", ""splitter"", ""std"", ""time"", ""tol"", ""verbose"", ""zeros""]"
1.9.0,sklearn.model_selection._search,GridSearchCV,fit,sklearn.model_selection._search.GridSearchCV.fit,/opt/hostedtoolcache/Python/3.12.13/x64/lib/python3.12/site-packages/sklearn/model_selection/_search.py,python-bound,medium,present,not-in-canonical-headline,not-in-canonical-headline,"[""python-control-loops:9""]","[""_check_input_parameters"", ""_check_refit_for_multimetric"", ""_checked_cv_orig"", ""_format_results"", ""_get_routed_params_for_fit"", ""_get_scorers"", ""_init_callback_context"", ""_run_search"", ""_scorers"", ""_select_best_index"", ""best_estimator_"", ""best_index_"", ""best_params_"", ""best_score_"", ""call_on_fit_task_begin"", ""call_on_fit_task_end"", ""com"", ""cv"", ""cv_results_"", ""error_score"", ""estimator"", ""extend"", ""feature_names_in_"", ""g"", ""get"", ""get_n_splits"", ""items"", ""multimetric_"", ""n_jobs"", ""n_splits_"", ""pre_dispatch"", ""propagate_callback_context"", ""refit"", ""refit_time_"", ""return_train_score"", ""scorer"", ""scorer_"", ""scoring"", ""split"", ""splitter""]"
1.9.0,sklearn.model_selection._search,GridSearchCV,predict,sklearn.model_selection._search.GridSearchCV.predict,/opt/hostedtoolcache/Python/3.12.13/x64/lib/python3.12/site-packages/sklearn/model_selection/_search.py,python-bound,low,present,not-in-canonical-headline,not-in-canonical-headline,"[""python entry point; no recognized native dispatch evidence""]","[""_wrap_namespace_error"", ""best_estimator_""]"
1.9.0,sklearn.model_selection._search,GridSearchCV,predict_proba,sklearn.model_selection._search.GridSearchCV.predict_proba,/opt/hostedtoolcache/Python/3.12.13/x64/lib/python3.12/site-packages/sklearn/model_selection/_search.py,python-bound,low,present,not-in-canonical-headline,not-in-canonical-headline,"[""python entry point; no recognized native dispatch evidence""]","[""_wrap_namespace_error"", ""best_estimator_""]"
1.9.0,sklearn.model_selection._search,GridSearchCV,decision_function,sklearn.model_selection._search.GridSearchCV.decision_function,/opt/hostedtoolcache/Python/3.12.13/x64/lib/python3.12/site-packages/sklearn/model_selection/_search.py,python-bound,low,present,not-in-canonical-headline,not-in-canonical-headline,"[""python entry point; no recognized native dispatch evidence""]","[""_wrap_namespace_error"", ""best_estimator_""]"
1.9.0,sklearn.model_selection._search,GridSearchCV,transform,sklearn.model_selection._search.GridSearchCV.transform,/opt/hostedtoolcache/Python/3.12.13/x64/lib/python3.12/site-packages/sklearn/model_selection/_search.py,python-bound,low,present,not-in-canonical-headline,not-in-canonical-headline,"[""python entry point; no recognized native dispatch evidence""]","[""_wrap_namespace_error"", ""best_estimator_""]"
1.9.0,sklearn.cluster._hdbscan.hdbscan,HDBSCAN,fit,sklearn.cluster._hdbscan.hdbscan.HDBSCAN.fit,/opt/hostedtoolcache/Python/3.12.13/x64/lib/python3.12/site-packages/sklearn/cluster/_hdbscan/hdbscan.py,mixed,medium,present,not-in-canonical-headline,not-in-canonical-headline,"[""cython-bound:_tree"", ""numpy-bound:np."", ""numpy-bound:numpy."", ""python-control-loops:9""]","[""_metric_params"", ""_min_samples"", ""_raw_data"", ""_single_linkage_tree_"", ""_weighted_cluster_center"", ""algorithm"", ""allow_single_cluster"", ""alpha"", ""cluster_selection_epsilon"", ""cluster_selection_method"", ""copy"", ""data"", ""empty"", ""float64"", ""hstack"", ""inf"", ""int32"", ""isinf"", ""isnan"", ""labels_"", ""leaf_size"", ""max_cluster_size"", ""metric"", ""metric_params"", ""min_cluster_size"", ""min_samples"", ""n_jobs"", ""nan"", ""probabilities_"", ""shape"", ""store_centers"", ""sum"", ""valid_metrics"", ""zeros""]"
1.9.0,sklearn.feature_extraction.text,HashingVectorizer,fit,sklearn.feature_extraction.text.HashingVectorizer.fit,/opt/hostedtoolcache/Python/3.12.13/x64/lib/python3.12/site-packages/sklearn/feature_extraction/text.py,python-bound,low,present,not-in-canonical-headline,not-in-canonical-headline,"[""python entry point; no recognized native dispatch evidence""]","[""_get_hasher"", ""_validate_ngram_range"", ""_warn_for_unused_params""]"
1.9.0,sklearn.feature_extraction.text,HashingVectorizer,transform,sklearn.feature_extraction.text.HashingVectorizer.transform,/opt/hostedtoolcache/Python/3.12.13/x64/lib/python3.12/site-packages/sklearn/feature_extraction/text.py,python-bound,low,present,not-in-canonical-headline,not-in-canonical-headline,"[""python entry point; no recognized native dispatch evidence""]","[""_get_hasher"", ""_validate_ngram_range"", ""binary"", ""build_analyzer"", ""data"", ""norm""]"
1.9.0,sklearn.ensemble._hist_gradient_boosting.gradient_boosting,HistGradientBoostingClassifier,fit,sklearn.ensemble._hist_gradient_boosting.gradient_boosting.HistGradientBoostingClassifier.fit,/opt/hostedtoolcache/Python/3.12.13/x64/lib/python3.12/site-packages/sklearn/ensemble/_hist_gradient_boosting/gradient_boosting.py,mixed,medium,present,not-in-canonical-headline,not-in-canonical-headline,"[""cython-bound:_hist_gradient_boosting"", ""cython-bound:_loss"", ""cython-bound:_tree"", ""numpy-bound:np."", ""python-control-loops:22""]","[""_baseline_prediction"", ""_bin_data"", ""_bin_mapper"", ""_check_early_stopping_loss"", ""_check_early_stopping_scorer"", ""_check_interaction_cst"", ""_clear_state"", ""_encode_y"", ""_encode_y_val"", ""_feature_subsample_rng"", ""_finalize_sample_weight"", ""_fitted_with_sw"", ""_get_loss"", ""_get_small_trainset"", ""_in_fit"", ""_is_categorical_remapped"", ""_is_fitted"", ""_label_encoder"", ""_loss"", ""_n_features"", ""_predictors"", ""_preprocess_X"", ""_print_iteration_stats"", ""_random_seed"", ""_raw_predict"", ""_scorer"", ""_use_validation_data"", ""_validate_parameters"", ""append"", ""asarray"", ""concatenate"", ""do_early_stopping_"", ""early_stopping"", ""float64"", ""g"", ""get_n_leaf_nodes"", ""grow"", ""iinfo"", ""is_categorical_"", ""l2_regularization""]"
1.9.0,sklearn.ensemble._hist_gradient_boosting.gradient_boosting,HistGradientBoostingClassifier,predict,sklearn.ensemble._hist_gradient_boosting.gradient_boosting.HistGradientBoostingClassifier.predict,/opt/hostedtoolcache/Python/3.12.13/x64/lib/python3.12/site-packages/sklearn/ensemble/_hist_gradient_boosting/gradient_boosting.py,cython-bound,medium,present,not-in-canonical-headline,not-in-canonical-headline,"[""cython-bound:_hist_gradient_boosting"", ""numpy-bound:np.""]","[""_raw_predict"", ""argmax"", ""classes_"", ""ravel"", ""shape""]"
1.9.0,sklearn.ensemble._hist_gradient_boosting.gradient_boosting,HistGradientBoostingClassifier,predict_proba,sklearn.ensemble._hist_gradient_boosting.gradient_boosting.HistGradientBoostingClassifier.predict_proba,/opt/hostedtoolcache/Python/3.12.13/x64/lib/python3.12/site-packages/sklearn/ensemble/_hist_gradient_boosting/gradient_boosting.py,cython-bound,high,present,not-in-canonical-headline,not-in-canonical-headline,"[""cython-bound:_hist_gradient_boosting"", ""cython-bound:_loss""]","[""_loss"", ""_raw_predict""]"
1.9.0,sklearn.ensemble._hist_gradient_boosting.gradient_boosting,HistGradientBoostingClassifier,decision_function,sklearn.ensemble._hist_gradient_boosting.gradient_boosting.HistGradientBoostingClassifier.decision_function,/opt/hostedtoolcache/Python/3.12.13/x64/lib/python3.12/site-packages/sklearn/ensemble/_hist_gradient_boosting/gradient_boosting.py,cython-bound,high,present,not-in-canonical-headline,not-in-canonical-headline,"[""cython-bound:_hist_gradient_boosting"", ""cython-bound:_tree""]","[""_raw_predict"", ""e"", ""ravel"", ""shape""]"
1.9.0,sklearn.ensemble._hist_gradient_boosting.gradient_boosting,HistGradientBoostingRegressor,fit,sklearn.ensemble._hist_gradient_boosting.gradient_boosting.HistGradientBoostingRegressor.fit,/opt/hostedtoolcache/Python/3.12.13/x64/lib/python3.12/site-packages/sklearn/ensemble/_hist_gradient_boosting/gradient_boosting.py,mixed,medium,present,not-in-canonical-headline,not-in-canonical-headline,"[""cython-bound:_hist_gradient_boosting"", ""cython-bound:_loss"", ""cython-bound:_tree"", ""numpy-bound:np."", ""python-control-loops:22""]","[""_baseline_prediction"", ""_bin_data"", ""_bin_mapper"", ""_check_early_stopping_loss"", ""_check_early_stopping_scorer"", ""_check_interaction_cst"", ""_clear_state"", ""_encode_y"", ""_encode_y_val"", ""_feature_subsample_rng"", ""_finalize_sample_weight"", ""_fitted_with_sw"", ""_get_loss"", ""_get_small_trainset"", ""_in_fit"", ""_is_categorical_remapped"", ""_is_fitted"", ""_label_encoder"", ""_loss"", ""_n_features"", ""_predictors"", ""_preprocess_X"", ""_print_iteration_stats"", ""_random_seed"", ""_raw_predict"", ""_scorer"", ""_use_validation_data"", ""_validate_parameters"", ""append"", ""asarray"", ""concatenate"", ""do_early_stopping_"", ""early_stopping"", ""float64"", ""g"", ""get_n_leaf_nodes"", ""grow"", ""iinfo"", ""is_categorical_"", ""l2_regularization""]"
1.9.0,sklearn.ensemble._hist_gradient_boosting.gradient_boosting,HistGradientBoostingRegressor,predict,sklearn.ensemble._hist_gradient_boosting.gradient_boosting.HistGradientBoostingRegressor.predict,/opt/hostedtoolcache/Python/3.12.13/x64/lib/python3.12/site-packages/sklearn/ensemble/_hist_gradient_boosting/gradient_boosting.py,cython-bound,high,present,not-in-canonical-headline,not-in-canonical-headline,"[""cython-bound:_hist_gradient_boosting"", ""cython-bound:_loss""]","[""_loss"", ""_raw_predict"", ""inverse""]"
1.9.0,sklearn.linear_model._huber,HuberRegressor,fit,sklearn.linear_model._huber.HuberRegressor.fit,/opt/hostedtoolcache/Python/3.12.13/x64/lib/python3.12/site-packages/sklearn/linear_model/_huber.py,cython-bound,medium,present,not-in-canonical-headline,not-in-canonical-headline,"[""cython-bound:_loss"", ""scipy-bound:optimize."", ""numpy-bound:np.""]","[""abs"", ""alpha"", ""coef_"", ""concatenate"", ""epsilon"", ""finfo"", ""fit_intercept"", ""float32"", ""float64"", ""inf"", ""intercept_"", ""max_iter"", ""message"", ""minimize"", ""n_iter_"", ""outliers_"", ""scale_"", ""shape"", ""status"", ""tile"", ""tol"", ""warm_start"", ""x"", ""zeros""]"
1.9.0,sklearn.linear_model._huber,HuberRegressor,predict,sklearn.linear_model._huber.HuberRegressor.predict,/opt/hostedtoolcache/Python/3.12.13/x64/lib/python3.12/site-packages/sklearn/linear_model/_base.py,python-bound,low,present,not-in-canonical-headline,not-in-canonical-headline,"[""python entry point; no recognized native dispatch evidence""]","[""_decision_function""]"
1.9.0,sklearn.decomposition._incremental_pca,IncrementalPCA,fit,sklearn.decomposition._incremental_pca.IncrementalPCA.fit,/opt/hostedtoolcache/Python/3.12.13/x64/lib/python3.12/site-packages/sklearn/decomposition/_incremental_pca.py,mixed,medium,present,not-in-canonical-headline,not-in-canonical-headline,"[""numpy-bound:np."", ""python-control-loops:2""]","[""batch_size"", ""batch_size_"", ""components_"", ""copy"", ""explained_variance_"", ""explained_variance_ratio_"", ""float32"", ""float64"", ""issparse"", ""mean_"", ""n_components"", ""n_samples_seen_"", ""noise_variance_"", ""partial_fit"", ""shape"", ""singular_values_"", ""toarray"", ""var_""]"
1.9.0,sklearn.decomposition._incremental_pca,IncrementalPCA,transform,sklearn.decomposition._incremental_pca.IncrementalPCA.transform,/opt/hostedtoolcache/Python/3.12.13/x64/lib/python3.12/site-packages/sklearn/decomposition/_incremental_pca.py,numpy-bound,medium,present,not-in-canonical-headline,not-in-canonical-headline,"[""numpy-bound:np.""]","[""append"", ""array"", ""batch_size_"", ""decomposition"", ""fit"", ""issparse"", ""n_components"", ""shape"", ""transform"", ""vstack""]"
1.9.0,sklearn.ensemble._iforest,IsolationForest,fit,sklearn.ensemble._iforest.IsolationForest.fit,/opt/hostedtoolcache/Python/3.12.13/x64/lib/python3.12/site-packages/sklearn/ensemble/_iforest.py,mixed,medium,present,not-in-canonical-headline,not-in-canonical-headline,"[""cython-bound:_tree"", ""numpy-bound:np."", ""python-control-loops:5""]","[""Integral"", ""_average_path_length_per_tree"", ""_decision_path_lengths"", ""_score_samples"", ""ceil"", ""contamination"", ""estimators_"", ""float32"", ""log2"", ""max_samples"", ""max_samples_"", ""offset_"", ""percentile"", ""random_state"", ""shape"", ""sort_indices"", ""tocsr"", ""tree_"", ""uniform""]"
1.9.0,sklearn.ensemble._iforest,IsolationForest,predict,sklearn.ensemble._iforest.IsolationForest.predict,/opt/hostedtoolcache/Python/3.12.13/x64/lib/python3.12/site-packages/sklearn/ensemble/_iforest.py,mixed,medium,present,not-in-canonical-headline,not-in-canonical-headline,"[""numpy-bound:np."", ""python-control-loops:2""]","[""decision_function"", ""float32"", ""ones_like"", ""predict""]"
1.9.0,sklearn.ensemble._iforest,IsolationForest,decision_function,sklearn.ensemble._iforest.IsolationForest.decision_function,/opt/hostedtoolcache/Python/3.12.13/x64/lib/python3.12/site-packages/sklearn/ensemble/_iforest.py,mixed,medium,present,not-in-canonical-headline,not-in-canonical-headline,"[""numpy-bound:np."", ""python-control-loops:3""]","[""decision_function"", ""float32"", ""offset_"", ""score_samples""]"
1.9.0,sklearn.manifold._isomap,Isomap,fit,sklearn.manifold._isomap.Isomap.fit,/opt/hostedtoolcache/Python/3.12.13/x64/lib/python3.12/site-packages/sklearn/manifold/_isomap.py,python-bound,medium,present,not-in-canonical-headline,not-in-canonical-headline,"[""python-control-loops:2""]","[""_fit_transform"", ""metric""]"
1.9.0,sklearn.manifold._isomap,Isomap,transform,sklearn.manifold._isomap.Isomap.transform,/opt/hostedtoolcache/Python/3.12.13/x64/lib/python3.12/site-packages/sklearn/manifold/_isomap.py,numpy-bound,medium,present,not-in-canonical-headline,not-in-canonical-headline,"[""numpy-bound:np.""]","[""dist_matrix_"", ""dtype"", ""float32"", ""float64"", ""kernel_pca_"", ""min"", ""n_neighbors"", ""nbrs_"", ""shape"", ""zeros""]"
1.9.0,sklearn.isotonic,IsotonicRegression,fit,sklearn.isotonic.IsotonicRegression.fit,/opt/hostedtoolcache/Python/3.12.13/x64/lib/python3.12/site-packages/sklearn/isotonic.py,mixed,medium,present,not-in-canonical-headline,not-in-canonical-headline,"[""scipy-bound:scipy."", ""numpy-bound:np.""]","[""X_thresholds_"", ""_build_f"", ""_build_y"", ""dtype"", ""float32"", ""float64"", ""interp1d"", ""y_thresholds_""]"
1.9.0,sklearn.isotonic,IsotonicRegression,predict,sklearn.isotonic.IsotonicRegression.predict,/opt/hostedtoolcache/Python/3.12.13/x64/lib/python3.12/site-packages/sklearn/isotonic.py,python-bound,low,present,not-in-canonical-headline,not-in-canonical-headline,"[""python entry point; no recognized native dispatch evidence""]","[""_transform""]"
1.9.0,sklearn.isotonic,IsotonicRegression,transform,sklearn.isotonic.IsotonicRegression.transform,/opt/hostedtoolcache/Python/3.12.13/x64/lib/python3.12/site-packages/sklearn/isotonic.py,python-bound,low,present,not-in-canonical-headline,not-in-canonical-headline,"[""python entry point; no recognized native dispatch evidence""]","[""_transform""]"
1.9.0,sklearn.preprocessing._discretization,KBinsDiscretizer,fit,sklearn.preprocessing._discretization.KBinsDiscretizer.fit,/opt/hostedtoolcache/Python/3.12.13/x64/lib/python3.12/site-packages/sklearn/preprocessing/_discretization.py,mixed,medium,present,not-in-canonical-headline,not-in-canonical-headline,"[""numpy-bound:np."", ""python-control-loops:9""]","[""_encoder"", ""_validate_n_bins"", ""arange"", ""array"", ""asarray"", ""bin_edges_"", ""cluster"", ""dtype"", ""e"", ""ediff1d"", ""encode"", ""fit"", ""float32"", ""float64"", ""inf"", ""linspace"", ""n_bins_"", ""percentile"", ""pipeline"", ""quantile_method"", ""r_"", ""random_state"", ""shape"", ""sort"", ""strategy"", ""subsample"", ""test_indexing"", ""utils"", ""warn"", ""zeros""]"
1.9.0,sklearn.preprocessing._discretization,KBinsDiscretizer,transform,sklearn.preprocessing._discretization.KBinsDiscretizer.transform,/opt/hostedtoolcache/Python/3.12.13/x64/lib/python3.12/site-packages/sklearn/preprocessing/_discretization.py,numpy-bound,medium,present,not-in-canonical-headline,not-in-canonical-headline,"[""numpy-bound:np.""]","[""_encoder"", ""bin_edges_"", ""dtype"", ""encode"", ""float32"", ""float64"", ""searchsorted"", ""shape""]"
1.9.0,sklearn.cluster._kmeans,KMeans,fit,sklearn.cluster._kmeans.KMeans.fit,/opt/hostedtoolcache/Python/3.12.13/x64/lib/python3.12/site-packages/sklearn/cluster/_kmeans.py,mixed,medium,present,"canonical-headline:digits,iris",approximately equivalent,"[""numpy-bound:np."", ""python-control-loops:4""]","[""_algorithm"", ""_check_mkl_vcomp"", ""_check_params_vs_input"", ""_init_centroids"", ""_n_features_out"", ""_n_init"", ""_n_threads"", ""_tol"", ""_validate_center_shape"", ""cluster_centers_"", ""copy_x"", ""dtype"", ""float32"", ""float64"", ""inertia_"", ""init"", ""issparse"", ""labels_"", ""max_iter"", ""mean"", ""n_clusters"", ""n_iter_"", ""random_state"", ""shape"", ""verbose"", ""warn""]"
1.9.0,sklearn.cluster._kmeans,KMeans,predict,sklearn.cluster._kmeans.KMeans.predict,/opt/hostedtoolcache/Python/3.12.13/x64/lib/python3.12/site-packages/sklearn/cluster/_kmeans.py,numpy-bound,medium,present,"canonical-headline:digits,iris",approximately equivalent,"[""numpy-bound:np.""]","[""_check_test_data"", ""_n_threads"", ""cluster_centers_"", ""dtype"", ""ones"", ""shape""]"
1.9.0,sklearn.cluster._kmeans,KMeans,transform,sklearn.cluster._kmeans.KMeans.transform,/opt/hostedtoolcache/Python/3.12.13/x64/lib/python3.12/site-packages/sklearn/cluster/_kmeans.py,python-bound,low,present,"canonical-headline:digits,iris",approximately equivalent,"[""python entry point; no recognized native dispatch evidence""]","[""_check_test_data"", ""_transform""]"
1.9.0,sklearn.impute._knn,KNNImputer,fit,sklearn.impute._knn.KNNImputer.fit,/opt/hostedtoolcache/Python/3.12.13/x64/lib/python3.12/site-packages/sklearn/impute/_knn.py,numpy-bound,medium,present,not-in-canonical-headline,not-in-canonical-headline,"[""numpy-bound:np.""]","[""_fit_X"", ""_mask_fit_X"", ""_valid_mask"", ""all"", ""copy"", ""missing_values""]"
1.9.0,sklearn.impute._knn,KNNImputer,transform,sklearn.impute._knn.KNNImputer.transform,/opt/hostedtoolcache/Python/3.12.13/x64/lib/python3.12/site-packages/sklearn/impute/_knn.py,mixed,medium,present,not-in-canonical-headline,not-in-canonical-headline,"[""numpy-bound:np."", ""python-control-loops:4""]","[""_calc_impute"", ""_fit_X"", ""_mask_fit_X"", ""_valid_mask"", ""any"", ""arange"", ""copy"", ""flatnonzero"", ""isnan"", ""keep_empty_features"", ""logical_not"", ""ma"", ""metric"", ""missing_values"", ""n_neighbors"", ""nonzero"", ""shape"", ""size"", ""zeros""]"
1.9.0,sklearn.neighbors._classification,KNeighborsClassifier,fit,sklearn.neighbors._classification.KNeighborsClassifier.fit,/opt/hostedtoolcache/Python/3.12.13/x64/lib/python3.12/site-packages/sklearn/neighbors/_classification.py,python-bound,low,present,not-in-canonical-headline,not-in-canonical-headline,"[""python entry point; no recognized native dispatch evidence""]","[""_fit"", ""metric""]"
1.9.0,sklearn.neighbors._classification,KNeighborsClassifier,predict,sklearn.neighbors._classification.KNeighborsClassifier.predict,/opt/hostedtoolcache/Python/3.12.13/x64/lib/python3.12/site-packages/sklearn/neighbors/_classification.py,mixed,medium,present,not-in-canonical-headline,not-in-canonical-headline,"[""numpy-bound:np."", ""python-control-loops:5""]","[""_fit_X"", ""_fit_method"", ""_y"", ""argmax"", ""asarray"", ""classes_"", ""empty"", ""intp"", ""is_usable_for"", ""kneighbors"", ""metric"", ""outputs_2d_"", ""predict_proba"", ""ravel"", ""stack"", ""take"", ""weights""]"
1.9.0,sklearn.neighbors._classification,KNeighborsClassifier,predict_proba,sklearn.neighbors._classification.KNeighborsClassifier.predict_proba,/opt/hostedtoolcache/Python/3.12.13/x64/lib/python3.12/site-packages/sklearn/neighbors/_classification.py,mixed,medium,present,not-in-canonical-headline,not-in-canonical-headline,"[""numpy-bound:np."", ""python-control-loops:7""]","[""T"", ""_fit_X"", ""_fit_method"", ""_y"", ""append"", ""arange"", ""classes_"", ""com"", ""compute"", ""intp"", ""is_usable_for"", ""kneighbors"", ""metric"", ""metric_params"", ""n_neighbors"", ""newaxis"", ""ones_like"", ""outputs_2d_"", ""p"", ""size"", ""sum"", ""weights"", ""zeros""]"
1.9.0,sklearn.neighbors._regression,KNeighborsRegressor,fit,sklearn.neighbors._regression.KNeighborsRegressor.fit,/opt/hostedtoolcache/Python/3.12.13/x64/lib/python3.12/site-packages/sklearn/neighbors/_regression.py,python-bound,low,present,not-in-canonical-headline,not-in-canonical-headline,"[""python entry point; no recognized native dispatch evidence""]","[""_fit"", ""metric""]"
1.9.0,sklearn.neighbors._regression,KNeighborsRegressor,predict,sklearn.neighbors._regression.KNeighborsRegressor.predict,/opt/hostedtoolcache/Python/3.12.13/x64/lib/python3.12/site-packages/sklearn/neighbors/_regression.py,mixed,medium,present,not-in-canonical-headline,not-in-canonical-headline,"[""numpy-bound:np."", ""python-control-loops:3""]","[""_y"", ""empty"", ""float64"", ""kneighbors"", ""mean"", ""ndim"", ""ravel"", ""reshape"", ""shape"", ""sum"", ""weights""]"
1.9.0,sklearn.neighbors._graph,KNeighborsTransformer,fit,sklearn.neighbors._graph.KNeighborsTransformer.fit,/opt/hostedtoolcache/Python/3.12.13/x64/lib/python3.12/site-packages/sklearn/neighbors/_graph.py,python-bound,low,present,not-in-canonical-headline,not-in-canonical-headline,"[""python entry point; no recognized native dispatch evidence""]","[""_fit"", ""_n_features_out"", ""metric"", ""n_samples_fit_""]"
1.9.0,sklearn.neighbors._graph,KNeighborsTransformer,transform,sklearn.neighbors._graph.KNeighborsTransformer.transform,/opt/hostedtoolcache/Python/3.12.13/x64/lib/python3.12/site-packages/sklearn/neighbors/_graph.py,python-bound,low,present,not-in-canonical-headline,not-in-canonical-headline,"[""python entry point; no recognized native dispatch evidence""]","[""kneighbors_graph"", ""mode"", ""n_neighbors""]"
1.9.0,sklearn.preprocessing._data,KernelCenterer,fit,sklearn.preprocessing._data.KernelCenterer.fit,/opt/hostedtoolcache/Python/3.12.13/x64/lib/python3.12/site-packages/sklearn/preprocessing/_data.py,python-bound,low,not-found-by-name,not-in-canonical-headline,not-in-canonical-headline,"[""python entry point; no recognized native dispatch evidence""]","[""K_fit_all_"", ""K_fit_rows_"", ""shape"", ""sum"", ""supported_float_dtypes""]"
1.9.0,sklearn.preprocessing._data,KernelCenterer,transform,sklearn.preprocessing._data.KernelCenterer.transform,/opt/hostedtoolcache/Python/3.12.13/x64/lib/python3.12/site-packages/sklearn/preprocessing/_data.py,python-bound,low,not-found-by-name,not-in-canonical-headline,not-in-canonical-headline,"[""python entry point; no recognized native dispatch evidence""]","[""K_fit_all_"", ""K_fit_rows_"", ""sum"", ""supported_float_dtypes""]"
1.9.0,sklearn.neighbors._kde,KernelDensity,fit,sklearn.neighbors._kde.KernelDensity.fit,/opt/hostedtoolcache/Python/3.12.13/x64/lib/python3.12/site-packages/sklearn/neighbors/_kde.py,numpy-bound,medium,present,not-in-canonical-headline,not-in-canonical-headline,"[""numpy-bound:np.""]","[""_choose_algorithm"", ""algorithm"", ""bandwidth"", ""bandwidth_"", ""float64"", ""leaf_size"", ""metric"", ""metric_params"", ""pipeline"", ""shape"", ""tree_""]"
1.9.0,sklearn.decomposition._kernel_pca,KernelPCA,fit,sklearn.decomposition._kernel_pca.KernelPCA.fit,/opt/hostedtoolcache/Python/3.12.13/x64/lib/python3.12/site-packages/sklearn/decomposition/_kernel_pca.py,numpy-bound,medium,present,not-in-canonical-headline,not-in-canonical-headline,"[""numpy-bound:np.""]","[""X_fit_"", ""_centerer"", ""_fit_inverse_transform"", ""_fit_transform_in_place"", ""_get_kernel"", ""copy_X"", ""eigenvalues_"", ""eigenvectors_"", ""fit_inverse_transform"", ""gamma"", ""gamma_"", ""kernel"", ""shape"", ""sqrt""]"
1.9.0,sklearn.decomposition._kernel_pca,KernelPCA,transform,sklearn.decomposition._kernel_pca.KernelPCA.transform,/opt/hostedtoolcache/Python/3.12.13/x64/lib/python3.12/site-packages/sklearn/decomposition/_kernel_pca.py,mixed,medium,present,not-in-canonical-headline,not-in-canonical-headline,"[""numpy-bound:np."", ""python-control-loops:2""]","[""X_fit_"", ""_centerer"", ""_get_kernel"", ""dot"", ""eigenvalues_"", ""eigenvectors_"", ""flatnonzero"", ""sqrt"", ""zeros_like""]"
1.9.0,sklearn.kernel_ridge,KernelRidge,fit,sklearn.kernel_ridge.KernelRidge.fit,/opt/hostedtoolcache/Python/3.12.13/x64/lib/python3.12/site-packages/sklearn/kernel_ridge.py,mixed,medium,present,canonical-headline:diabetes,parity verified,"[""blas-lapack-bound:cholesky"", ""numpy-bound:np.""]","[""X_fit_"", ""_get_kernel"", ""alpha"", ""atleast_1d"", ""dual_coef_"", ""kernel"", ""reshape"", ""shape""]"
1.9.0,sklearn.kernel_ridge,KernelRidge,predict,sklearn.kernel_ridge.KernelRidge.predict,/opt/hostedtoolcache/Python/3.12.13/x64/lib/python3.12/site-packages/sklearn/kernel_ridge.py,numpy-bound,medium,present,canonical-headline:diabetes,parity verified,"[""numpy-bound:np.""]","[""X_fit_"", ""_get_kernel"", ""dot"", ""dual_coef_""]"
1.9.0,sklearn.preprocessing._label,LabelBinarizer,fit,sklearn.preprocessing._label.LabelBinarizer.fit,/opt/hostedtoolcache/Python/3.12.13/x64/lib/python3.12/site-packages/sklearn/preprocessing/_label.py,python-bound,low,present,not-in-canonical-headline,not-in-canonical-headline,"[""python entry point; no recognized native dispatch evidence""]","[""__name__"", ""classes_"", ""issparse"", ""neg_label"", ""pos_label"", ""sparse_input_"", ""sparse_output"", ""y_type_""]"
1.9.0,sklearn.preprocessing._label,LabelBinarizer,transform,sklearn.preprocessing._label.LabelBinarizer.transform,/opt/hostedtoolcache/Python/3.12.13/x64/lib/python3.12/site-packages/sklearn/preprocessing/_label.py,python-bound,medium,present,not-in-canonical-headline,not-in-canonical-headline,"[""python-control-loops:2""]","[""__name__"", ""classes_"", ""neg_label"", ""pos_label"", ""sparse_output"", ""y_type_""]"
1.9.0,sklearn.preprocessing._label,LabelEncoder,fit,sklearn.preprocessing._label.LabelEncoder.fit,/opt/hostedtoolcache/Python/3.12.13/x64/lib/python3.12/site-packages/sklearn/preprocessing/_label.py,python-bound,low,present,not-in-canonical-headline,not-in-canonical-headline,"[""python entry point; no recognized native dispatch evidence""]","[""classes_""]"
1.9.0,sklearn.preprocessing._label,LabelEncoder,transform,sklearn.preprocessing._label.LabelEncoder.transform,/opt/hostedtoolcache/Python/3.12.13/x64/lib/python3.12/site-packages/sklearn/preprocessing/_label.py,python-bound,low,present,not-in-canonical-headline,not-in-canonical-headline,"[""python entry point; no recognized native dispatch evidence""]","[""asarray"", ""classes_""]"
1.9.0,sklearn.semi_supervised._label_propagation,LabelPropagation,fit,sklearn.semi_supervised._label_propagation.LabelPropagation.fit,/opt/hostedtoolcache/Python/3.12.13/x64/lib/python3.12/site-packages/sklearn/semi_supervised/_label_propagation.py,python-bound,low,present,not-in-canonical-headline,not-in-canonical-headline,"[""python entry point; no recognized native dispatch evidence""]",[]
1.9.0,sklearn.semi_supervised._label_propagation,LabelPropagation,predict,sklearn.semi_supervised._label_propagation.LabelPropagation.predict,/opt/hostedtoolcache/Python/3.12.13/x64/lib/python3.12/site-packages/sklearn/semi_supervised/_label_propagation.py,numpy-bound,medium,present,not-in-canonical-headline,not-in-canonical-headline,"[""numpy-bound:np.""]","[""argmax"", ""classes_"", ""com"", ""predict_proba""]"
1.9.0,sklearn.semi_supervised._label_propagation,LabelPropagation,predict_proba,sklearn.semi_supervised._label_propagation.LabelPropagation.predict_proba,/opt/hostedtoolcache/Python/3.12.13/x64/lib/python3.12/site-packages/sklearn/semi_supervised/_label_propagation.py,mixed,medium,present,not-in-canonical-headline,not-in-canonical-headline,"[""numpy-bound:np."", ""python-control-loops:3""]","[""T"", ""X_"", ""_get_kernel"", ""array"", ""atleast_2d"", ""kernel"", ""label_distributions_"", ""sum""]"
1.9.0,sklearn.semi_supervised._label_propagation,LabelSpreading,fit,sklearn.semi_supervised._label_propagation.LabelSpreading.fit,/opt/hostedtoolcache/Python/3.12.13/x64/lib/python3.12/site-packages/sklearn/semi_supervised/_label_propagation.py,mixed,medium,present,not-in-canonical-headline,not-in-canonical-headline,"[""numpy-bound:np."", ""python-control-loops:3""]","[""X_"", ""_build_graph"", ""_variant"", ""abs"", ""alpha"", ""argmax"", ""asarray"", ""classes_"", ""copy"", ""issparse"", ""label_distributions_"", ""max_iter"", ""multiply"", ""n_iter_"", ""newaxis"", ""ravel"", ""sum"", ""tocsr"", ""tol"", ""transduction_"", ""unique"", ""warn"", ""where"", ""zeros""]"
1.9.0,sklearn.semi_supervised._label_propagation,LabelSpreading,predict,sklearn.semi_supervised._label_propagation.LabelSpreading.predict,/opt/hostedtoolcache/Python/3.12.13/x64/lib/python3.12/site-packages/sklearn/semi_supervised/_label_propagation.py,numpy-bound,medium,present,not-in-canonical-headline,not-in-canonical-headline,"[""numpy-bound:np.""]","[""argmax"", ""classes_"", ""com"", ""predict_proba""]"
1.9.0,sklearn.semi_supervised._label_propagation,LabelSpreading,predict_proba,sklearn.semi_supervised._label_propagation.LabelSpreading.predict_proba,/opt/hostedtoolcache/Python/3.12.13/x64/lib/python3.12/site-packages/sklearn/semi_supervised/_label_propagation.py,mixed,medium,present,not-in-canonical-headline,not-in-canonical-headline,"[""numpy-bound:np."", ""python-control-loops:3""]","[""T"", ""X_"", ""_get_kernel"", ""array"", ""atleast_2d"", ""kernel"", ""label_distributions_"", ""sum""]"
1.9.0,sklearn.linear_model._least_angle,Lars,fit,sklearn.linear_model._least_angle.Lars.fit,/opt/hostedtoolcache/Python/3.12.13/x64/lib/python3.12/site-packages/sklearn/linear_model/_least_angle.py,numpy-bound,medium,present,not-in-canonical-headline,not-in-canonical-headline,"[""numpy-bound:np.""]","[""T"", ""_fit"", ""dot"", ""fit_path"", ""jitter"", ""max_iter"", ""n_nonzero_coefs"", ""random_state"", ""uniform""]"
1.9.0,sklearn.linear_model._least_angle,Lars,predict,sklearn.linear_model._least_angle.Lars.predict,/opt/hostedtoolcache/Python/3.12.13/x64/lib/python3.12/site-packages/sklearn/linear_model/_base.py,python-bound,low,present,not-in-canonical-headline,not-in-canonical-headline,"[""python entry point; no recognized native dispatch evidence""]",[]
1.9.0,sklearn.linear_model._least_angle,LarsCV,fit,sklearn.linear_model._least_angle.LarsCV.fit,/opt/hostedtoolcache/Python/3.12.13/x64/lib/python3.12/site-packages/sklearn/linear_model/_least_angle.py,mixed,medium,present,not-in-canonical-headline,not-in-canonical-headline,"[""numpy-bound:np."", ""python-control-loops:3""]","[""__class__"", ""_fit"", ""all"", ""alpha_"", ""argmin"", ""concatenate"", ""copy_X"", ""cv"", ""cv_alphas_"", ""empty"", ""eps"", ""fit_intercept"", ""interp1d"", ""isfinite"", ""max_iter"", ""max_n_alphas"", ""mean"", ""method"", ""mse_path_"", ""n_jobs"", ""newaxis"", ""positive"", ""precompute"", ""r_"", ""set_config"", ""split"", ""splitter"", ""unique"", ""verbose"", ""warn""]"
1.9.0,sklearn.linear_model._least_angle,LarsCV,predict,sklearn.linear_model._least_angle.LarsCV.predict,/opt/hostedtoolcache/Python/3.12.13/x64/lib/python3.12/site-packages/sklearn/linear_model/_base.py,python-bound,low,present,not-in-canonical-headline,not-in-canonical-headline,"[""python entry point; no recognized native dispatch evidence""]",[]
1.9.0,sklearn.linear_model._coordinate_descent,Lasso,fit,sklearn.linear_model._coordinate_descent.Lasso.fit,/opt/hostedtoolcache/Python/3.12.13/x64/lib/python3.12/site-packages/sklearn/linear_model/_coordinate_descent.py,mixed,medium,present,canonical-headline:diabetes,approximately equivalent,"[""numpy-bound:np."", ""python-control-loops:4""]","[""Number"", ""_set_intercept"", ""alpha"", ""average"", ""coef_"", ""copy_X"", ""dtype"", ""dual_gap_"", ""e"", ""fit_intercept"", ""float32"", ""float64"", ""intercept_"", ""isfinite"", ""l1_ratio"", ""max_iter"", ""n_iter_"", ""ndim"", ""newaxis"", ""path"", ""positive"", ""precompute"", ""random_state"", ""selection"", ""shape"", ""sum"", ""tol"", ""warm_start"", ""warn"", ""zeros""]"
1.9.0,sklearn.linear_model._coordinate_descent,Lasso,predict,sklearn.linear_model._coordinate_descent.Lasso.predict,/opt/hostedtoolcache/Python/3.12.13/x64/lib/python3.12/site-packages/sklearn/linear_model/_base.py,python-bound,low,present,canonical-headline:diabetes,approximately equivalent,"[""python entry point; no recognized native dispatch evidence""]",[]
1.9.0,sklearn.linear_model._coordinate_descent,LassoCV,fit,sklearn.linear_model._coordinate_descent.LassoCV.fit,/opt/hostedtoolcache/Python/3.12.13/x64/lib/python3.12/site-packages/sklearn/linear_model/_coordinate_descent.py,python-bound,medium,present,not-in-canonical-headline,not-in-canonical-headline,"[""python-control-loops:2""]","[""set_config""]"
1.9.0,sklearn.linear_model._coordinate_descent,LassoCV,predict,sklearn.linear_model._coordinate_descent.LassoCV.predict,/opt/hostedtoolcache/Python/3.12.13/x64/lib/python3.12/site-packages/sklearn/linear_model/_base.py,python-bound,low,present,not-in-canonical-headline,not-in-canonical-headline,"[""python entry point; no recognized native dispatch evidence""]",[]
1.9.0,sklearn.linear_model._least_angle,LassoLars,fit,sklearn.linear_model._least_angle.LassoLars.fit,/opt/hostedtoolcache/Python/3.12.13/x64/lib/python3.12/site-packages/sklearn/linear_model/_least_angle.py,numpy-bound,medium,present,not-in-canonical-headline,not-in-canonical-headline,"[""numpy-bound:np.""]","[""T"", ""_fit"", ""dot"", ""fit_path"", ""jitter"", ""max_iter"", ""n_nonzero_coefs"", ""random_state"", ""uniform""]"
1.9.0,sklearn.linear_model._least_angle,LassoLars,predict,sklearn.linear_model._least_angle.LassoLars.predict,/opt/hostedtoolcache/Python/3.12.13/x64/lib/python3.12/site-packages/sklearn/linear_model/_base.py,python-bound,low,present,not-in-canonical-headline,not-in-canonical-headline,"[""python entry point; no recognized native dispatch evidence""]",[]
1.9.0,sklearn.linear_model._least_angle,LassoLarsCV,fit,sklearn.linear_model._least_angle.LassoLarsCV.fit,/opt/hostedtoolcache/Python/3.12.13/x64/lib/python3.12/site-packages/sklearn/linear_model/_least_angle.py,mixed,medium,present,not-in-canonical-headline,not-in-canonical-headline,"[""numpy-bound:np."", ""python-control-loops:3""]","[""__class__"", ""_fit"", ""all"", ""alpha_"", ""argmin"", ""concatenate"", ""copy_X"", ""cv"", ""cv_alphas_"", ""empty"", ""eps"", ""fit_intercept"", ""interp1d"", ""isfinite"", ""max_iter"", ""max_n_alphas"", ""mean"", ""method"", ""mse_path_"", ""n_jobs"", ""newaxis"", ""positive"", ""precompute"", ""r_"", ""set_config"", ""split"", ""splitter"", ""unique"", ""verbose"", ""warn""]"
1.9.0,sklearn.linear_model._least_angle,LassoLarsCV,predict,sklearn.linear_model._least_angle.LassoLarsCV.predict,/opt/hostedtoolcache/Python/3.12.13/x64/lib/python3.12/site-packages/sklearn/linear_model/_base.py,python-bound,low,present,not-in-canonical-headline,not-in-canonical-headline,"[""python entry point; no recognized native dispatch evidence""]",[]
1.9.0,sklearn.linear_model._least_angle,LassoLarsIC,fit,sklearn.linear_model._least_angle.LassoLarsIC.fit,/opt/hostedtoolcache/Python/3.12.13/x64/lib/python3.12/site-packages/sklearn/linear_model/_least_angle.py,numpy-bound,medium,present,not-in-canonical-headline,not-in-canonical-headline,"[""numpy-bound:np.""]","[""T"", ""_estimate_noise_variance"", ""_set_intercept"", ""abs"", ""alpha_"", ""alphas_"", ""any"", ""argmin"", ""coef_"", ""copy_X"", ""criterion"", ""criterion_"", ""dot"", ""dtype"", ""eps"", ""finfo"", ""fit_intercept"", ""log"", ""max_iter"", ""n_iter_"", ""newaxis"", ""noise_variance"", ""noise_variance_"", ""pi"", ""positive"", ""precompute"", ""shape"", ""sum"", ""verbose"", ""zeros""]"
1.9.0,sklearn.linear_model._least_angle,LassoLarsIC,predict,sklearn.linear_model._least_angle.LassoLarsIC.predict,/opt/hostedtoolcache/Python/3.12.13/x64/lib/python3.12/site-packages/sklearn/linear_model/_base.py,python-bound,low,present,not-in-canonical-headline,not-in-canonical-headline,"[""python entry point; no recognized native dispatch evidence""]",[]
1.9.0,sklearn.decomposition._lda,LatentDirichletAllocation,fit,sklearn.decomposition._lda.LatentDirichletAllocation.fit,/opt/hostedtoolcache/Python/3.12.13/x64/lib/python3.12/site-packages/sklearn/decomposition/_lda.py,python-bound,medium,present,not-in-canonical-headline,not-in-canonical-headline,"[""python-control-loops:4""]","[""_check_non_neg_array"", ""_e_step"", ""_em_step"", ""_init_latent_vars"", ""_perplexity_precomp_distr"", ""batch_size"", ""bound_"", ""dtype"", ""evaluate_every"", ""fit"", ""learning_method"", ""max_iter"", ""n_iter_"", ""n_jobs"", ""perp_tol"", ""shape"", ""verbose""]"
1.9.0,sklearn.decomposition._lda,LatentDirichletAllocation,transform,sklearn.decomposition._lda.LatentDirichletAllocation.transform,/opt/hostedtoolcache/Python/3.12.13/x64/lib/python3.12/site-packages/sklearn/decomposition/_lda.py,numpy-bound,medium,present,not-in-canonical-headline,not-in-canonical-headline,"[""numpy-bound:np.""]","[""_check_non_neg_array"", ""_unnormalized_transform"", ""newaxis"", ""sum"", ""transform""]"
1.9.0,sklearn.covariance._shrunk_covariance,LedoitWolf,fit,sklearn.covariance._shrunk_covariance.LedoitWolf.fit,/opt/hostedtoolcache/Python/3.12.13/x64/lib/python3.12/site-packages/sklearn/covariance/_shrunk_covariance.py,numpy-bound,medium,present,not-in-canonical-headline,not-in-canonical-headline,"[""numpy-bound:np.""]","[""_set_covariance"", ""assume_centered"", ""block_size"", ""location_"", ""mean"", ""shape"", ""shrinkage_"", ""zeros""]"
1.9.0,sklearn.discriminant_analysis,LinearDiscriminantAnalysis,fit,sklearn.discriminant_analysis.LinearDiscriminantAnalysis.fit,/opt/hostedtoolcache/Python/3.12.13/x64/lib/python3.12/site-packages/sklearn/discriminant_analysis.py,python-bound,low,present,not-in-canonical-headline,not-in-canonical-headline,"[""python entry point; no recognized native dispatch evidence""]","[""_max_components"", ""_n_features_out"", ""_solve_eigen"", ""_solve_lstsq"", ""_solve_svd"", ""abs"", ""any"", ""asarray"", ""astype"", ""classes_"", ""coef_"", ""covariance_estimator"", ""dtype"", ""float32"", ""float64"", ""intercept_"", ""n_components"", ""priors"", ""priors_"", ""reshape"", ""shape"", ""shrinkage"", ""solver"", ""sum"", ""unique_counts"", ""warn""]"
1.9.0,sklearn.discriminant_analysis,LinearDiscriminantAnalysis,predict,sklearn.discriminant_analysis.LinearDiscriminantAnalysis.predict,/opt/hostedtoolcache/Python/3.12.13/x64/lib/python3.12/site-packages/sklearn/linear_model/_base.py,python-bound,medium,present,not-in-canonical-headline,not-in-canonical-headline,"[""python-control-loops:3""]","[""argmax"", ""astype"", ""classes_"", ""decision_function"", ""shape"", ""take""]"
1.9.0,sklearn.discriminant_analysis,LinearDiscriminantAnalysis,predict_proba,sklearn.discriminant_analysis.LinearDiscriminantAnalysis.predict_proba,/opt/hostedtoolcache/Python/3.12.13/x64/lib/python3.12/site-packages/sklearn/discriminant_analysis.py,python-bound,low,present,not-in-canonical-headline,not-in-canonical-headline,"[""python entry point; no recognized native dispatch evidence""]","[""classes_"", ""decision_function"", ""stack""]"
1.9.0,sklearn.discriminant_analysis,LinearDiscriminantAnalysis,decision_function,sklearn.discriminant_analysis.LinearDiscriminantAnalysis.decision_function,/opt/hostedtoolcache/Python/3.12.13/x64/lib/python3.12/site-packages/sklearn/discriminant_analysis.py,python-bound,low,present,not-in-canonical-headline,not-in-canonical-headline,"[""python entry point; no recognized native dispatch evidence""]","[""e""]"
1.9.0,sklearn.discriminant_analysis,LinearDiscriminantAnalysis,transform,sklearn.discriminant_analysis.LinearDiscriminantAnalysis.transform,/opt/hostedtoolcache/Python/3.12.13/x64/lib/python3.12/site-packages/sklearn/discriminant_analysis.py,python-bound,low,present,not-in-canonical-headline,not-in-canonical-headline,"[""python entry point; no recognized native dispatch evidence""]","[""_max_components"", ""scalings_"", ""solver"", ""xbar_""]"
1.9.0,sklearn.linear_model._base,LinearRegression,fit,sklearn.linear_model._base.LinearRegression.fit,/opt/hostedtoolcache/Python/3.12.13/x64/lib/python3.12/site-packages/sklearn/linear_model/_base.py,mixed,medium,present,canonical-headline:diabetes,parity verified,"[""scipy-bound:optimize."", ""scipy-bound:scipy."", ""scipy-bound:sparse.linalg"", ""blas-lapack-bound:linalg.lstsq"", ""numpy-bound:np."", ""python-control-loops:5""]","[""T"", ""_set_intercept"", ""coef_"", ""copy_X"", ""dot"", ""dtype"", ""fit_intercept"", ""issparse"", ""linalg"", ""lstsq"", ""n_jobs"", ""ndim"", ""nnls"", ""optimize"", ""positive"", ""rank_"", ""ravel"", ""shape"", ""singular_"", ""sum"", ""tol"", ""vstack""]"
1.9.0,sklearn.linear_model._base,LinearRegression,predict,sklearn.linear_model._base.LinearRegression.predict,/opt/hostedtoolcache/Python/3.12.13/x64/lib/python3.12/site-packages/sklearn/linear_model/_base.py,python-bound,low,present,canonical-headline:diabetes,parity verified,"[""python entry point; no recognized native dispatch evidence""]",[]
1.9.0,sklearn.svm._classes,LinearSVC,fit,sklearn.svm._classes.LinearSVC.fit,/opt/hostedtoolcache/Python/3.12.13/x64/lib/python3.12/site-packages/sklearn/svm/_classes.py,external-native-bound,medium,present,"canonical-headline:digits,iris",approximately equivalent,"[""external-native-bound:liblinear"", ""numpy-bound:np.""]","[""C"", ""array"", ""class_weight"", ""classes_"", ""coef_"", ""dual"", ""fit_intercept"", ""float64"", ""intercept_"", ""intercept_scaling"", ""loss"", ""max"", ""max_iter"", ""multi_class"", ""n_iter_"", ""penalty"", ""random_state"", ""tol"", ""unique"", ""verbose""]"
1.9.0,sklearn.svm._classes,LinearSVC,predict,sklearn.svm._classes.LinearSVC.predict,/opt/hostedtoolcache/Python/3.12.13/x64/lib/python3.12/site-packages/sklearn/linear_model/_base.py,python-bound,medium,present,"canonical-headline:digits,iris",approximately equivalent,"[""python-control-loops:3""]","[""argmax"", ""astype"", ""classes_"", ""decision_function"", ""shape"", ""take""]"
1.9.0,sklearn.svm._classes,LinearSVC,decision_function,sklearn.svm._classes.LinearSVC.decision_function,/opt/hostedtoolcache/Python/3.12.13/x64/lib/python3.12/site-packages/sklearn/linear_model/_base.py,python-bound,medium,present,"canonical-headline:digits,iris",approximately equivalent,"[""python-control-loops:4""]","[""classes_"", ""coef_"", ""intercept_"", ""ndim"", ""reshape"", ""shape""]"
1.9.0,sklearn.svm._classes,LinearSVR,fit,sklearn.svm._classes.LinearSVR.fit,/opt/hostedtoolcache/Python/3.12.13/x64/lib/python3.12/site-packages/sklearn/svm/_classes.py,external-native-bound,medium,present,not-in-canonical-headline,not-in-canonical-headline,"[""external-native-bound:liblinear"", ""numpy-bound:np.""]","[""C"", ""coef_"", ""dual"", ""epsilon"", ""fit_intercept"", ""float64"", ""intercept_"", ""intercept_scaling"", ""loss"", ""max"", ""max_iter"", ""n_iter_"", ""random_state"", ""tol"", ""verbose""]"
1.9.0,sklearn.svm._classes,LinearSVR,predict,sklearn.svm._classes.LinearSVR.predict,/opt/hostedtoolcache/Python/3.12.13/x64/lib/python3.12/site-packages/sklearn/linear_model/_base.py,python-bound,low,present,not-in-canonical-headline,not-in-canonical-headline,"[""python entry point; no recognized native dispatch evidence""]","[""_decision_function""]"
1.9.0,sklearn.neighbors._lof,LocalOutlierFactor,fit,sklearn.neighbors._lof.LocalOutlierFactor.fit,/opt/hostedtoolcache/Python/3.12.13/x64/lib/python3.12/site-packages/sklearn/neighbors/_lof.py,mixed,medium,present,not-in-canonical-headline,not-in-canonical-headline,"[""numpy-bound:np."", ""python-control-loops:3""]","[""_distances_fit_X_"", ""_fit"", ""_fit_X"", ""_local_reachability_density"", ""_lrd"", ""contamination"", ""float32"", ""kneighbors"", ""mean"", ""metric"", ""min"", ""n_neighbors"", ""n_neighbors_"", ""n_samples_fit_"", ""negative_outlier_factor_"", ""newaxis"", ""novelty"", ""offset_"", ""percentile"", ""warn""]"
1.9.0,sklearn.neighbors._lof,LocalOutlierFactor,predict,sklearn.neighbors._lof.LocalOutlierFactor.predict,/opt/hostedtoolcache/Python/3.12.13/x64/lib/python3.12/site-packages/sklearn/neighbors/_lof.py,python-bound,medium,present,not-in-canonical-headline,not-in-canonical-headline,"[""python-control-loops:3""]","[""_predict"", ""fit"", ""fit_predict"", ""predict"", ""r""]"
1.9.0,sklearn.neighbors._lof,LocalOutlierFactor,decision_function,sklearn.neighbors._lof.LocalOutlierFactor.decision_function,/opt/hostedtoolcache/Python/3.12.13/x64/lib/python3.12/site-packages/sklearn/neighbors/_lof.py,python-bound,medium,present,not-in-canonical-headline,not-in-canonical-headline,"[""python-control-loops:2""]","[""e"", ""offset_"", ""r"", ""score_samples""]"
1.9.0,sklearn.manifold._locally_linear,LocallyLinearEmbedding,fit,sklearn.manifold._locally_linear.LocallyLinearEmbedding.fit,/opt/hostedtoolcache/Python/3.12.13/x64/lib/python3.12/site-packages/sklearn/manifold/_locally_linear.py,python-bound,medium,present,not-in-canonical-headline,not-in-canonical-headline,"[""python-control-loops:2""]","[""_fit_transform""]"
1.9.0,sklearn.manifold._locally_linear,LocallyLinearEmbedding,transform,sklearn.manifold._locally_linear.LocallyLinearEmbedding.transform,/opt/hostedtoolcache/Python/3.12.13/x64/lib/python3.12/site-packages/sklearn/manifold/_locally_linear.py,numpy-bound,medium,present,not-in-canonical-headline,not-in-canonical-headline,"[""numpy-bound:np.""]","[""dot"", ""embedding_"", ""empty"", ""n_components"", ""n_neighbors"", ""nbrs_"", ""reg"", ""shape""]"
1.9.0,sklearn.linear_model._logistic,LogisticRegression,fit,sklearn.linear_model._logistic.LogisticRegression.fit,/opt/hostedtoolcache/Python/3.12.13/x64/lib/python3.12/site-packages/sklearn/linear_model/_logistic.py,mixed,medium,present,"canonical-headline:digits,iris",approximately equivalent,"[""external-native-bound:liblinear"", ""scipy-bound:optimize."", ""scipy-bound:scipy."", ""numpy-bound:np."", ""python-control-loops:2""]","[""C"", ""_init_callback_context"", ""asarray"", ""call_on_fit_task_begin"", ""call_on_fit_task_end"", ""class_weight"", ""classes_"", ""coef_"", ""com"", ""concatenate"", ""dtype"", ""dual"", ""fit_intercept"", ""float32"", ""float64"", ""inf"", ""int32"", ""intercept_"", ""intercept_scaling"", ""l1_ratio"", ""max"", ""max_iter"", ""n_iter_"", ""n_jobs"", ""optimize"", ""penalty"", ""random_state"", ""shape"", ""solver"", ""tol"", ""unique_values"", ""verbose"", ""warm_start"", ""warn"", ""zeros""]"
1.9.0,sklearn.linear_model._logistic,LogisticRegression,predict,sklearn.linear_model._logistic.LogisticRegression.predict,/opt/hostedtoolcache/Python/3.12.13/x64/lib/python3.12/site-packages/sklearn/linear_model/_base.py,python-bound,medium,present,"canonical-headline:digits,iris",approximately equivalent,"[""python-control-loops:3""]","[""argmax"", ""astype"", ""classes_"", ""decision_function"", ""shape"", ""take""]"
1.9.0,sklearn.linear_model._logistic,LogisticRegression,predict_proba,sklearn.linear_model._logistic.LogisticRegression.predict_proba,/opt/hostedtoolcache/Python/3.12.13/x64/lib/python3.12/site-packages/sklearn/linear_model/_logistic.py,python-bound,medium,present,"canonical-headline:digits,iris",approximately equivalent,"[""python-control-loops:2""]","[""classes_"", ""decision_function""]"
1.9.0,sklearn.linear_model._logistic,LogisticRegression,decision_function,sklearn.linear_model._logistic.LogisticRegression.decision_function,/opt/hostedtoolcache/Python/3.12.13/x64/lib/python3.12/site-packages/sklearn/linear_model/_base.py,python-bound,medium,present,"canonical-headline:digits,iris",approximately equivalent,"[""python-control-loops:4""]","[""classes_"", ""coef_"", ""intercept_"", ""ndim"", ""reshape"", ""shape""]"
1.9.0,sklearn.linear_model._logistic,LogisticRegressionCV,fit,sklearn.linear_model._logistic.LogisticRegressionCV.fit,/opt/hostedtoolcache/Python/3.12.13/x64/lib/python3.12/site-packages/sklearn/linear_model/_logistic.py,mixed,medium,present,not-in-canonical-headline,not-in-canonical-headline,"[""external-native-bound:liblinear"", ""cython-bound:_loss"", ""numpy-bound:np."", ""python-control-loops:19""]","[""C_"", ""Cs"", ""Cs_"", ""Number"", ""__class__"", ""all"", ""argmax"", ""asarray"", ""class_weight"", ""classes_"", ""coef_"", ""coefs_paths_"", ""concatenate"", ""cv"", ""dual"", ""e"", ""empty"", ""fit_intercept"", ""float64"", ""g"", ""inf"", ""intercept_"", ""intercept_scaling"", ""keys"", ""l1_ratio_"", ""l1_ratios"", ""l1_ratios_"", ""max_iter"", ""mean"", ""moveaxis"", ""n_iter_"", ""n_jobs"", ""ndim"", ""penalty"", ""random_state"", ""refit"", ""reshape"", ""scorer"", ""scores_"", ""scoring""]"
1.9.0,sklearn.linear_model._logistic,LogisticRegressionCV,predict,sklearn.linear_model._logistic.LogisticRegressionCV.predict,/opt/hostedtoolcache/Python/3.12.13/x64/lib/python3.12/site-packages/sklearn/linear_model/_base.py,python-bound,medium,present,not-in-canonical-headline,not-in-canonical-headline,"[""python-control-loops:3""]","[""argmax"", ""astype"", ""classes_"", ""decision_function"", ""shape"", ""take""]"
1.9.0,sklearn.linear_model._logistic,LogisticRegressionCV,predict_proba,sklearn.linear_model._logistic.LogisticRegressionCV.predict_proba,/opt/hostedtoolcache/Python/3.12.13/x64/lib/python3.12/site-packages/sklearn/linear_model/_logistic.py,python-bound,medium,present,not-in-canonical-headline,not-in-canonical-headline,"[""python-control-loops:2""]","[""classes_"", ""decision_function""]"
1.9.0,sklearn.linear_model._logistic,LogisticRegressionCV,decision_function,sklearn.linear_model._logistic.LogisticRegressionCV.decision_function,/opt/hostedtoolcache/Python/3.12.13/x64/lib/python3.12/site-packages/sklearn/linear_model/_base.py,python-bound,medium,present,not-in-canonical-headline,not-in-canonical-headline,"[""python-control-loops:4""]","[""classes_"", ""coef_"", ""intercept_"", ""ndim"", ""reshape"", ""shape""]"
1.9.0,sklearn.manifold._mds,MDS,fit,sklearn.manifold._mds.MDS.fit,/opt/hostedtoolcache/Python/3.12.13/x64/lib/python3.12/site-packages/sklearn/manifold/_mds.py,python-bound,low,present,not-in-canonical-headline,not-in-canonical-headline,"[""python entry point; no recognized native dispatch evidence""]","[""fit_transform""]"
1.9.0,sklearn.neural_network._multilayer_perceptron,MLPClassifier,fit,sklearn.neural_network._multilayer_perceptron.MLPClassifier.fit,/opt/hostedtoolcache/Python/3.12.13/x64/lib/python3.12/site-packages/sklearn/neural_network/_multilayer_perceptron.py,python-bound,low,present,not-in-canonical-headline,not-in-canonical-headline,"[""python entry point; no recognized native dispatch evidence""]","[""_fit""]"
1.9.0,sklearn.neural_network._multilayer_perceptron,MLPClassifier,predict,sklearn.neural_network._multilayer_perceptron.MLPClassifier.predict,/opt/hostedtoolcache/Python/3.12.13/x64/lib/python3.12/site-packages/sklearn/neural_network/_multilayer_perceptron.py,python-bound,low,present,not-in-canonical-headline,not-in-canonical-headline,"[""python entry point; no recognized native dispatch evidence""]","[""_predict""]"
1.9.0,sklearn.neural_network._multilayer_perceptron,MLPClassifier,predict_proba,sklearn.neural_network._multilayer_perceptron.MLPClassifier.predict_proba,/opt/hostedtoolcache/Python/3.12.13/x64/lib/python3.12/site-packages/sklearn/neural_network/_multilayer_perceptron.py,numpy-bound,medium,present,not-in-canonical-headline,not-in-canonical-headline,"[""numpy-bound:np.""]","[""_forward_pass_fast"", ""classes_"", ""n_outputs_"", ""ndim"", ""ravel"", ""vstack""]"
1.9.0,sklearn.neural_network._multilayer_perceptron,MLPRegressor,fit,sklearn.neural_network._multilayer_perceptron.MLPRegressor.fit,/opt/hostedtoolcache/Python/3.12.13/x64/lib/python3.12/site-packages/sklearn/neural_network/_multilayer_perceptron.py,python-bound,low,present,not-in-canonical-headline,not-in-canonical-headline,"[""python entry point; no recognized native dispatch evidence""]","[""_fit""]"
1.9.0,sklearn.neural_network._multilayer_perceptron,MLPRegressor,predict,sklearn.neural_network._multilayer_perceptron.MLPRegressor.predict,/opt/hostedtoolcache/Python/3.12.13/x64/lib/python3.12/site-packages/sklearn/neural_network/_multilayer_perceptron.py,python-bound,low,present,not-in-canonical-headline,not-in-canonical-headline,"[""python entry point; no recognized native dispatch evidence""]","[""_predict""]"
1.9.0,sklearn.preprocessing._data,MaxAbsScaler,fit,sklearn.preprocessing._data.MaxAbsScaler.fit,/opt/hostedtoolcache/Python/3.12.13/x64/lib/python3.12/site-packages/sklearn/preprocessing/_data.py,python-bound,medium,present,not-in-canonical-headline,not-in-canonical-headline,"[""python-control-loops:2""]","[""_reset"", ""partial_fit""]"
1.9.0,sklearn.preprocessing._data,MaxAbsScaler,transform,sklearn.preprocessing._data.MaxAbsScaler.transform,/opt/hostedtoolcache/Python/3.12.13/x64/lib/python3.12/site-packages/sklearn/preprocessing/_data.py,numpy-bound,medium,present,not-in-canonical-headline,not-in-canonical-headline,"[""numpy-bound:np.""]","[""asarray"", ""clip"", ""copy"", ""data"", ""dtype"", ""issparse"", ""scale_"", ""supported_float_dtypes""]"
1.9.0,sklearn.cluster._mean_shift,MeanShift,fit,sklearn.cluster._mean_shift.MeanShift.fit,/opt/hostedtoolcache/Python/3.12.13/x64/lib/python3.12/site-packages/sklearn/cluster/_mean_shift.py,mixed,medium,present,not-in-canonical-headline,not-in-canonical-headline,"[""numpy-bound:np."", ""python-control-loops:8""]","[""array"", ""bandwidth"", ""bin_seeding"", ""cluster_all"", ""cluster_centers_"", ""e"", ""fill"", ""flatten"", ""items"", ""kneighbors"", ""labels_"", ""max_iter"", ""min_bin_freq"", ""n_iter_"", ""n_jobs"", ""ones"", ""radius_neighbors"", ""seeds"", ""shape"", ""zeros""]"
1.9.0,sklearn.cluster._mean_shift,MeanShift,predict,sklearn.cluster._mean_shift.MeanShift.predict,/opt/hostedtoolcache/Python/3.12.13/x64/lib/python3.12/site-packages/sklearn/cluster/_mean_shift.py,python-bound,low,present,not-in-canonical-headline,not-in-canonical-headline,"[""python entry point; no recognized native dispatch evidence""]","[""cluster_centers_""]"
1.9.0,sklearn.covariance._robust_covariance,MinCovDet,fit,sklearn.covariance._robust_covariance.MinCovDet.fit,/opt/hostedtoolcache/Python/3.12.13/x64/lib/python3.12/site-packages/sklearn/covariance/_robust_covariance.py,mixed,medium,present,not-in-canonical-headline,not-in-canonical-headline,"[""blas-lapack-bound:linalg.svd"", ""numpy-bound:np.""]","[""T"", ""_nonrobust_covariance"", ""assume_centered"", ""correct_covariance"", ""dist_"", ""dot"", ""location_"", ""pinvh"", ""random_state"", ""raw_covariance_"", ""raw_location_"", ""raw_support_"", ""reweight_covariance"", ""shape"", ""sum"", ""support_"", ""support_fraction"", ""svdvals"", ""warn"", ""zeros""]"
1.9.0,sklearn.preprocessing._data,MinMaxScaler,fit,sklearn.preprocessing._data.MinMaxScaler.fit,/opt/hostedtoolcache/Python/3.12.13/x64/lib/python3.12/site-packages/sklearn/preprocessing/_data.py,python-bound,medium,present,not-in-canonical-headline,not-in-canonical-headline,"[""python-control-loops:2""]","[""_reset"", ""partial_fit""]"
1.9.0,sklearn.preprocessing._data,MinMaxScaler,transform,sklearn.preprocessing._data.MinMaxScaler.transform,/opt/hostedtoolcache/Python/3.12.13/x64/lib/python3.12/site-packages/sklearn/preprocessing/_data.py,python-bound,low,present,not-in-canonical-headline,not-in-canonical-headline,"[""python entry point; no recognized native dispatch evidence""]","[""asarray"", ""clip"", ""copy"", ""dtype"", ""feature_range"", ""min_"", ""scale_"", ""supported_float_dtypes""]"
1.9.0,sklearn.decomposition._dict_learning,MiniBatchDictionaryLearning,fit,sklearn.decomposition._dict_learning.MiniBatchDictionaryLearning.fit,/opt/hostedtoolcache/Python/3.12.13/x64/lib/python3.12/site-packages/sklearn/decomposition/_dict_learning.py,mixed,medium,present,not-in-canonical-headline,not-in-canonical-headline,"[""numpy-bound:np."", ""python-control-loops:3""]","[""_A"", ""_B"", ""_batch_size"", ""_check_convergence"", ""_check_params"", ""_ewa_cost"", ""_ewa_cost_min"", ""_initialize_dict"", ""_minibatch_step"", ""_n_components"", ""_no_improvement"", ""_random_state"", ""callback"", ""ceil"", ""components_"", ""copy"", ""cycle"", ""dtype"", ""float32"", ""float64"", ""max_iter"", ""n_iter_"", ""n_steps_"", ""random_state"", ""shape"", ""shuffle"", ""verbose"", ""zeros""]"
1.9.0,sklearn.decomposition._dict_learning,MiniBatchDictionaryLearning,transform,sklearn.decomposition._dict_learning.MiniBatchDictionaryLearning.transform,/opt/hostedtoolcache/Python/3.12.13/x64/lib/python3.12/site-packages/sklearn/decomposition/_dict_learning.py,python-bound,low,present,not-in-canonical-headline,not-in-canonical-headline,"[""python entry point; no recognized native dispatch evidence""]","[""_transform"", ""components_""]"
1.9.0,sklearn.cluster._kmeans,MiniBatchKMeans,fit,sklearn.cluster._kmeans.MiniBatchKMeans.fit,/opt/hostedtoolcache/Python/3.12.13/x64/lib/python3.12/site-packages/sklearn/cluster/_kmeans.py,mixed,medium,present,not-in-canonical-headline,not-in-canonical-headline,"[""blas-lapack-bound:blas"", ""numpy-bound:np."", ""python-control-loops:7""]","[""_batch_size"", ""_check_mkl_vcomp"", ""_check_params_vs_input"", ""_counts"", ""_ewa_inertia"", ""_ewa_inertia_min"", ""_init_centroids"", ""_init_size"", ""_mini_batch_convergence"", ""_n_features_out"", ""_n_init"", ""_n_since_last_reassign"", ""_n_threads"", ""_no_improvement"", ""_random_reassign"", ""_tol"", ""_validate_center_shape"", ""ceil"", ""choice"", ""cluster_centers_"", ""compute_labels"", ""dtype"", ""empty_like"", ""float32"", ""float64"", ""inertia_"", ""init"", ""labels_"", ""max_iter"", ""n_clusters"", ""n_iter_"", ""n_steps_"", ""ones_like"", ""randint"", ""random_state"", ""reassignment_ratio"", ""shape"", ""sum"", ""verbose"", ""zeros""]"
1.9.0,sklearn.cluster._kmeans,MiniBatchKMeans,predict,sklearn.cluster._kmeans.MiniBatchKMeans.predict,/opt/hostedtoolcache/Python/3.12.13/x64/lib/python3.12/site-packages/sklearn/cluster/_kmeans.py,numpy-bound,medium,present,not-in-canonical-headline,not-in-canonical-headline,"[""numpy-bound:np.""]","[""_check_test_data"", ""_n_threads"", ""cluster_centers_"", ""dtype"", ""ones"", ""shape""]"
1.9.0,sklearn.cluster._kmeans,MiniBatchKMeans,transform,sklearn.cluster._kmeans.MiniBatchKMeans.transform,/opt/hostedtoolcache/Python/3.12.13/x64/lib/python3.12/site-packages/sklearn/cluster/_kmeans.py,python-bound,low,present,not-in-canonical-headline,not-in-canonical-headline,"[""python entry point; no recognized native dispatch evidence""]","[""_check_test_data"", ""_transform""]"
1.9.0,sklearn.decomposition._nmf,MiniBatchNMF,fit,sklearn.decomposition._nmf.MiniBatchNMF.fit,/opt/hostedtoolcache/Python/3.12.13/x64/lib/python3.12/site-packages/sklearn/decomposition/_nmf.py,python-bound,medium,present,not-in-canonical-headline,not-in-canonical-headline,"[""python-control-loops:2""]","[""fit_transform""]"
1.9.0,sklearn.decomposition._nmf,MiniBatchNMF,transform,sklearn.decomposition._nmf.MiniBatchNMF.transform,/opt/hostedtoolcache/Python/3.12.13/x64/lib/python3.12/site-packages/sklearn/decomposition/_nmf.py,numpy-bound,medium,present,not-in-canonical-headline,not-in-canonical-headline,"[""numpy-bound:np.""]","[""_solve_W"", ""_transform_max_iter"", ""components_"", ""float32"", ""float64""]"
1.9.0,sklearn.decomposition._sparse_pca,MiniBatchSparsePCA,fit,sklearn.decomposition._sparse_pca.MiniBatchSparsePCA.fit,/opt/hostedtoolcache/Python/3.12.13/x64/lib/python3.12/site-packages/sklearn/decomposition/_sparse_pca.py,python-bound,low,present,not-in-canonical-headline,not-in-canonical-headline,"[""python entry point; no recognized native dispatch evidence""]","[""_fit"", ""mean"", ""mean_"", ""n_components"", ""random_state"", ""shape""]"
1.9.0,sklearn.decomposition._sparse_pca,MiniBatchSparsePCA,transform,sklearn.decomposition._sparse_pca.MiniBatchSparsePCA.transform,/opt/hostedtoolcache/Python/3.12.13/x64/lib/python3.12/site-packages/sklearn/decomposition/_sparse_pca.py,blas-lapack-bound,medium,present,not-in-canonical-headline,not-in-canonical-headline,"[""blas-lapack-bound:cholesky""]","[""T"", ""components_"", ""mean_"", ""ridge_alpha""]"
1.9.0,sklearn.impute._base,MissingIndicator,fit,sklearn.impute._base.MissingIndicator.fit,/opt/hostedtoolcache/Python/3.12.13/x64/lib/python3.12/site-packages/sklearn/impute/_base.py,python-bound,low,present,not-in-canonical-headline,not-in-canonical-headline,"[""python entry point; no recognized native dispatch evidence""]","[""_fit""]"
1.9.0,sklearn.impute._base,MissingIndicator,transform,sklearn.impute._base.MissingIndicator.transform,/opt/hostedtoolcache/Python/3.12.13/x64/lib/python3.12/site-packages/sklearn/impute/_base.py,mixed,medium,present,not-in-canonical-headline,not-in-canonical-headline,"[""numpy-bound:np."", ""python-control-loops:2""]","[""_get_missing_features_info"", ""_n_features"", ""_precomputed"", ""_validate_input"", ""dtype"", ""error_on_new"", ""features"", ""features_"", ""setdiff1d"", ""size""]"
1.9.0,sklearn.preprocessing._label,MultiLabelBinarizer,fit,sklearn.preprocessing._label.MultiLabelBinarizer.fit,/opt/hostedtoolcache/Python/3.12.13/x64/lib/python3.12/site-packages/sklearn/preprocessing/_label.py,mixed,medium,present,not-in-canonical-headline,not-in-canonical-headline,"[""numpy-bound:np."", ""python-control-loops:2""]","[""_cached_dict"", ""chain"", ""classes"", ""classes_"", ""empty""]"
1.9.0,sklearn.preprocessing._label,MultiLabelBinarizer,transform,sklearn.preprocessing._label.MultiLabelBinarizer.transform,/opt/hostedtoolcache/Python/3.12.13/x64/lib/python3.12/site-packages/sklearn/preprocessing/_label.py,python-bound,low,present,not-in-canonical-headline,not-in-canonical-headline,"[""python entry point; no recognized native dispatch evidence""]","[""_build_cache"", ""_transform"", ""sparse_output"", ""toarray""]"
1.9.0,sklearn.multioutput,MultiOutputClassifier,fit,sklearn.multioutput.MultiOutputClassifier.fit,/opt/hostedtoolcache/Python/3.12.13/x64/lib/python3.12/site-packages/sklearn/multioutput.py,python-bound,low,present,not-in-canonical-headline,not-in-canonical-headline,"[""python entry point; no recognized native dispatch evidence""]","[""classes_"", ""estimators_"", ""fit""]"
1.9.0,sklearn.multioutput,MultiOutputClassifier,predict,sklearn.multioutput.MultiOutputClassifier.predict,/opt/hostedtoolcache/Python/3.12.13/x64/lib/python3.12/site-packages/sklearn/multioutput.py,mixed,medium,present,not-in-canonical-headline,not-in-canonical-headline,"[""numpy-bound:np."", ""python-control-loops:3""]","[""asarray"", ""estimators_"", ""n_jobs"", ""predict""]"
1.9.0,sklearn.multioutput,MultiOutputClassifier,predict_proba,sklearn.multioutput.MultiOutputClassifier.predict_proba,/opt/hostedtoolcache/Python/3.12.13/x64/lib/python3.12/site-packages/sklearn/multioutput.py,python-bound,medium,present,not-in-canonical-headline,not-in-canonical-headline,"[""python-control-loops:3""]","[""estimators_"", ""predict_proba""]"
1.9.0,sklearn.multioutput,MultiOutputRegressor,fit,sklearn.multioutput.MultiOutputRegressor.fit,/opt/hostedtoolcache/Python/3.12.13/x64/lib/python3.12/site-packages/sklearn/multioutput.py,python-bound,medium,present,not-in-canonical-headline,not-in-canonical-headline,"[""python-control-loops:3""]","[""estimator"", ""estimators_"", ""feature_names_in_"", ""fit"", ""n_features_in_"", ""n_jobs"", ""ndim"", ""shape""]"
1.9.0,sklearn.multioutput,MultiOutputRegressor,predict,sklearn.multioutput.MultiOutputRegressor.predict,/opt/hostedtoolcache/Python/3.12.13/x64/lib/python3.12/site-packages/sklearn/multioutput.py,mixed,medium,present,not-in-canonical-headline,not-in-canonical-headline,"[""numpy-bound:np."", ""python-control-loops:3""]","[""asarray"", ""estimators_"", ""n_jobs"", ""predict""]"
1.9.0,sklearn.linear_model._coordinate_descent,MultiTaskElasticNet,fit,sklearn.linear_model._coordinate_descent.MultiTaskElasticNet.fit,/opt/hostedtoolcache/Python/3.12.13/x64/lib/python3.12/site-packages/sklearn/linear_model/_coordinate_descent.py,mixed,medium,present,not-in-canonical-headline,not-in-canonical-headline,"[""numpy-bound:np."", ""python-control-loops:3""]","[""Number"", ""_set_intercept"", ""alpha"", ""asarray"", ""asfortranarray"", ""coef_"", ""copy_X"", ""data"", ""dtype"", ""dual_gap_"", ""enet_coordinate_descent_multi_task"", ""eps_"", ""fit_intercept"", ""float32"", ""float64"", ""indices"", ""indptr"", ""issparse"", ""l1_ratio"", ""max_iter"", ""n_iter_"", ""ndim"", ""random_state"", ""selection"", ""shape"", ""sum"", ""tol"", ""warm_start"", ""zeros""]"
1.9.0,sklearn.linear_model._coordinate_descent,MultiTaskElasticNet,predict,sklearn.linear_model._coordinate_descent.MultiTaskElasticNet.predict,/opt/hostedtoolcache/Python/3.12.13/x64/lib/python3.12/site-packages/sklearn/linear_model/_base.py,python-bound,low,present,not-in-canonical-headline,not-in-canonical-headline,"[""python entry point; no recognized native dispatch evidence""]",[]
1.9.0,sklearn.linear_model._coordinate_descent,MultiTaskElasticNetCV,fit,sklearn.linear_model._coordinate_descent.MultiTaskElasticNetCV.fit,/opt/hostedtoolcache/Python/3.12.13/x64/lib/python3.12/site-packages/sklearn/linear_model/_coordinate_descent.py,mixed,medium,present,not-in-canonical-headline,not-in-canonical-headline,"[""numpy-bound:np."", ""python-control-loops:12""]","[""Number"", ""__class__"", ""_get_estimator"", ""_is_multitask"", ""alpha"", ""alpha_"", ""alphas"", ""alphas_"", ""argmin"", ""asarray"", ""atleast_1d"", ""coef_"", ""copy_X"", ""cv"", ""data"", ""dtype"", ""dual_gap_"", ""eps"", ""fit"", ""fit_intercept"", ""float32"", ""float64"", ""get_params"", ""inf"", ""intercept_"", ""issparse"", ""l1_ratio"", ""l1_ratio_"", ""may_share_memory"", ""mean"", ""moveaxis"", ""mse_path_"", ""n_iter_"", ""n_jobs"", ""ndarray"", ""ndim"", ""path"", ""pop"", ""precompute"", ""reshape""]"
1.9.0,sklearn.linear_model._coordinate_descent,MultiTaskElasticNetCV,predict,sklearn.linear_model._coordinate_descent.MultiTaskElasticNetCV.predict,/opt/hostedtoolcache/Python/3.12.13/x64/lib/python3.12/site-packages/sklearn/linear_model/_base.py,python-bound,low,present,not-in-canonical-headline,not-in-canonical-headline,"[""python entry point; no recognized native dispatch evidence""]",[]
1.9.0,sklearn.linear_model._coordinate_descent,MultiTaskLasso,fit,sklearn.linear_model._coordinate_descent.MultiTaskLasso.fit,/opt/hostedtoolcache/Python/3.12.13/x64/lib/python3.12/site-packages/sklearn/linear_model/_coordinate_descent.py,mixed,medium,present,not-in-canonical-headline,not-in-canonical-headline,"[""numpy-bound:np."", ""python-control-loops:3""]","[""Number"", ""_set_intercept"", ""alpha"", ""asarray"", ""asfortranarray"", ""coef_"", ""copy_X"", ""data"", ""dtype"", ""dual_gap_"", ""enet_coordinate_descent_multi_task"", ""eps_"", ""fit_intercept"", ""float32"", ""float64"", ""indices"", ""indptr"", ""issparse"", ""l1_ratio"", ""max_iter"", ""n_iter_"", ""ndim"", ""random_state"", ""selection"", ""shape"", ""sum"", ""tol"", ""warm_start"", ""zeros""]"
1.9.0,sklearn.linear_model._coordinate_descent,MultiTaskLasso,predict,sklearn.linear_model._coordinate_descent.MultiTaskLasso.predict,/opt/hostedtoolcache/Python/3.12.13/x64/lib/python3.12/site-packages/sklearn/linear_model/_base.py,python-bound,low,present,not-in-canonical-headline,not-in-canonical-headline,"[""python entry point; no recognized native dispatch evidence""]",[]
1.9.0,sklearn.linear_model._coordinate_descent,MultiTaskLassoCV,fit,sklearn.linear_model._coordinate_descent.MultiTaskLassoCV.fit,/opt/hostedtoolcache/Python/3.12.13/x64/lib/python3.12/site-packages/sklearn/linear_model/_coordinate_descent.py,mixed,medium,present,not-in-canonical-headline,not-in-canonical-headline,"[""numpy-bound:np."", ""python-control-loops:12""]","[""Number"", ""__class__"", ""_get_estimator"", ""_is_multitask"", ""alpha"", ""alpha_"", ""alphas"", ""alphas_"", ""argmin"", ""asarray"", ""atleast_1d"", ""coef_"", ""copy_X"", ""cv"", ""data"", ""dtype"", ""dual_gap_"", ""eps"", ""fit"", ""fit_intercept"", ""float32"", ""float64"", ""get_params"", ""inf"", ""intercept_"", ""issparse"", ""l1_ratio"", ""l1_ratio_"", ""may_share_memory"", ""mean"", ""moveaxis"", ""mse_path_"", ""n_iter_"", ""n_jobs"", ""ndarray"", ""ndim"", ""path"", ""pop"", ""precompute"", ""reshape""]"
1.9.0,sklearn.linear_model._coordinate_descent,MultiTaskLassoCV,predict,sklearn.linear_model._coordinate_descent.MultiTaskLassoCV.predict,/opt/hostedtoolcache/Python/3.12.13/x64/lib/python3.12/site-packages/sklearn/linear_model/_base.py,python-bound,low,present,not-in-canonical-headline,not-in-canonical-headline,"[""python entry point; no recognized native dispatch evidence""]",[]
1.9.0,sklearn.naive_bayes,MultinomialNB,fit,sklearn.naive_bayes.MultinomialNB.fit,/opt/hostedtoolcache/Python/3.12.13/x64/lib/python3.12/site-packages/sklearn/naive_bayes.py,numpy-bound,medium,present,not-in-canonical-headline,not-in-canonical-headline,"[""numpy-bound:np.""]","[""T"", ""_check_X_y"", ""_check_alpha"", ""_count"", ""_init_counters"", ""_update_class_log_prior"", ""_update_feature_log_prob"", ""astype"", ""atleast_2d"", ""class_prior"", ""classes_"", ""concatenate"", ""fit_transform"", ""float64"", ""int64"", ""ones_like"", ""shape""]"
1.9.0,sklearn.naive_bayes,MultinomialNB,predict,sklearn.naive_bayes.MultinomialNB.predict,/opt/hostedtoolcache/Python/3.12.13/x64/lib/python3.12/site-packages/sklearn/naive_bayes.py,python-bound,low,present,not-in-canonical-headline,not-in-canonical-headline,"[""python entry point; no recognized native dispatch evidence""]","[""_check_X"", ""_joint_log_likelihood"", ""argmax"", ""classes_""]"
1.9.0,sklearn.naive_bayes,MultinomialNB,predict_proba,sklearn.naive_bayes.MultinomialNB.predict_proba,/opt/hostedtoolcache/Python/3.12.13/x64/lib/python3.12/site-packages/sklearn/naive_bayes.py,python-bound,medium,present,not-in-canonical-headline,not-in-canonical-headline,"[""python-control-loops:2""]","[""exp"", ""predict_log_proba""]"
1.9.0,sklearn.decomposition._nmf,NMF,fit,sklearn.decomposition._nmf.NMF.fit,/opt/hostedtoolcache/Python/3.12.13/x64/lib/python3.12/site-packages/sklearn/decomposition/_nmf.py,python-bound,medium,present,not-in-canonical-headline,not-in-canonical-headline,"[""python-control-loops:2""]","[""fit_transform""]"
1.9.0,sklearn.decomposition._nmf,NMF,transform,sklearn.decomposition._nmf.NMF.transform,/opt/hostedtoolcache/Python/3.12.13/x64/lib/python3.12/site-packages/sklearn/decomposition/_nmf.py,numpy-bound,medium,present,not-in-canonical-headline,not-in-canonical-headline,"[""numpy-bound:np.""]","[""_fit_transform"", ""components_"", ""float32"", ""float64""]"
1.9.0,sklearn.neighbors._nearest_centroid,NearestCentroid,fit,sklearn.neighbors._nearest_centroid.NearestCentroid.fit,/opt/hostedtoolcache/Python/3.12.13/x64/lib/python3.12/site-packages/sklearn/neighbors/_nearest_centroid.py,mixed,medium,present,not-in-canonical-headline,not-in-canonical-headline,"[""numpy-bound:np."", ""python-control-loops:3""]","[""abs"", ""all"", ""allow_nan"", ""array"", ""asarray"", ""bincount"", ""centroids_"", ""class_prior_"", ""classes_"", ""clip"", ""deviations_"", ""empty"", ""fit_transform"", ""float64"", ""isclose"", ""issparse"", ""max"", ""mean"", ""median"", ""metric"", ""min"", ""priors"", ""ptp"", ""reshape"", ""shape"", ""shrink_threshold"", ""sign"", ""size"", ""sqrt"", ""sum"", ""unique"", ""warn"", ""where"", ""within_class_std_dev_"", ""zeros""]"
1.9.0,sklearn.neighbors._nearest_centroid,NearestCentroid,predict,sklearn.neighbors._nearest_centroid.NearestCentroid.predict,/opt/hostedtoolcache/Python/3.12.13/x64/lib/python3.12/site-packages/sklearn/neighbors/_nearest_centroid.py,numpy-bound,medium,present,not-in-canonical-headline,not-in-canonical-headline,"[""numpy-bound:np.""]","[""allow_nan"", ""centroids_"", ""class_prior_"", ""classes_"", ""isclose"", ""metric""]"
1.9.0,sklearn.neighbors._nearest_centroid,NearestCentroid,predict_proba,sklearn.neighbors._nearest_centroid.NearestCentroid.predict_proba,/opt/hostedtoolcache/Python/3.12.13/x64/lib/python3.12/site-packages/sklearn/discriminant_analysis.py,numpy-bound,medium,present,not-in-canonical-headline,not-in-canonical-headline,"[""numpy-bound:np.""]","[""classes_"", ""exp"", ""predict_log_proba""]"
1.9.0,sklearn.neighbors._nearest_centroid,NearestCentroid,decision_function,sklearn.neighbors._nearest_centroid.NearestCentroid.decision_function,/opt/hostedtoolcache/Python/3.12.13/x64/lib/python3.12/site-packages/sklearn/discriminant_analysis.py,python-bound,low,present,not-in-canonical-headline,not-in-canonical-headline,"[""python entry point; no recognized native dispatch evidence""]","[""_decision_function"", ""classes_""]"
1.9.0,sklearn.neighbors._unsupervised,NearestNeighbors,fit,sklearn.neighbors._unsupervised.NearestNeighbors.fit,/opt/hostedtoolcache/Python/3.12.13/x64/lib/python3.12/site-packages/sklearn/neighbors/_unsupervised.py,python-bound,low,present,not-in-canonical-headline,not-in-canonical-headline,"[""python entry point; no recognized native dispatch evidence""]","[""_fit"", ""metric""]"
1.9.0,sklearn.neighbors._nca,NeighborhoodComponentsAnalysis,fit,sklearn.neighbors._nca.NeighborhoodComponentsAnalysis.fit,/opt/hostedtoolcache/Python/3.12.13/x64/lib/python3.12/site-packages/sklearn/neighbors/_nca.py,cython-bound,medium,present,not-in-canonical-headline,not-in-canonical-headline,"[""cython-bound:_loss"", ""numpy-bound:np.""]","[""__class__"", ""_callback"", ""_initialize"", ""_loss_grad_lbfgs"", ""components_"", ""init"", ""max_iter"", ""message"", ""n_components"", ""n_iter_"", ""ndarray"", ""newaxis"", ""random_state"", ""random_state_"", ""ravel"", ""shape"", ""success"", ""time"", ""tol"", ""verbose"", ""warm_start"", ""x""]"
1.9.0,sklearn.neighbors._nca,NeighborhoodComponentsAnalysis,transform,sklearn.neighbors._nca.NeighborhoodComponentsAnalysis.transform,/opt/hostedtoolcache/Python/3.12.13/x64/lib/python3.12/site-packages/sklearn/neighbors/_nca.py,numpy-bound,medium,present,not-in-canonical-headline,not-in-canonical-headline,"[""numpy-bound:np.""]","[""components_"", ""dot""]"
1.9.0,sklearn.preprocessing._data,Normalizer,fit,sklearn.preprocessing._data.Normalizer.fit,/opt/hostedtoolcache/Python/3.12.13/x64/lib/python3.12/site-packages/sklearn/preprocessing/_data.py,python-bound,low,present,not-in-canonical-headline,not-in-canonical-headline,"[""python entry point; no recognized native dispatch evidence""]",[]
1.9.0,sklearn.preprocessing._data,Normalizer,transform,sklearn.preprocessing._data.Normalizer.transform,/opt/hostedtoolcache/Python/3.12.13/x64/lib/python3.12/site-packages/sklearn/preprocessing/_data.py,scipy-bound,medium,present,not-in-canonical-headline,not-in-canonical-headline,"[""scipy-bound:scipy.""]","[""copy"", ""norm"", ""sparse""]"
1.9.0,sklearn.svm._classes,NuSVC,fit,sklearn.svm._classes.NuSVC.fit,/opt/hostedtoolcache/Python/3.12.13/x64/lib/python3.12/site-packages/sklearn/svm/_base.py,external-native-bound,medium,present,not-in-canonical-headline,not-in-canonical-headline,"[""external-native-bound:libsvm"", ""numpy-bound:np.""]","[""_dense_fit"", ""_dual_coef_"", ""_effective_probability"", ""_gamma"", ""_impl"", ""_intercept_"", ""_num_iter"", ""_sparse"", ""_sparse_fit"", ""_validate_targets"", ""asarray"", ""classes_"", ""dual_coef_"", ""float64"", ""gamma"", ""iinfo"", ""index"", ""intercept_"", ""isfinite"", ""issparse"", ""kernel"", ""mean"", ""multiply"", ""n_iter_"", ""probability"", ""randint"", ""random_state"", ""shape"", ""shape_fit_"", ""var"", ""verbose"", ""warn""]"
1.9.0,sklearn.svm._classes,NuSVC,predict,sklearn.svm._classes.NuSVC.predict,/opt/hostedtoolcache/Python/3.12.13/x64/lib/python3.12/site-packages/sklearn/svm/_base.py,numpy-bound,medium,present,not-in-canonical-headline,not-in-canonical-headline,"[""numpy-bound:np.""]","[""argmax"", ""asarray"", ""break_ties"", ""classes_"", ""decision_function"", ""decision_function_shape"", ""intp""]"
1.9.0,sklearn.svm._classes,NuSVC,predict_proba,sklearn.svm._classes.NuSVC.predict_proba,/opt/hostedtoolcache/Python/3.12.13/x64/lib/python3.12/site-packages/sklearn/svm/_base.py,python-bound,medium,present,not-in-canonical-headline,not-in-canonical-headline,"[""python-control-loops:2""]","[""_dense_predict_proba"", ""_probA"", ""_probB"", ""_sparse"", ""_sparse_predict_proba"", ""_validate_for_predict""]"
1.9.0,sklearn.svm._classes,NuSVC,decision_function,sklearn.svm._classes.NuSVC.decision_function,/opt/hostedtoolcache/Python/3.12.13/x64/lib/python3.12/site-packages/sklearn/svm/_base.py,python-bound,medium,present,not-in-canonical-headline,not-in-canonical-headline,"[""python-control-loops:3""]","[""_decision_function"", ""classes_"", ""decision_function_shape"", ""stackexchange""]"
1.9.0,sklearn.svm._classes,NuSVR,fit,sklearn.svm._classes.NuSVR.fit,/opt/hostedtoolcache/Python/3.12.13/x64/lib/python3.12/site-packages/sklearn/svm/_base.py,external-native-bound,medium,present,not-in-canonical-headline,not-in-canonical-headline,"[""external-native-bound:libsvm"", ""numpy-bound:np.""]","[""_dense_fit"", ""_dual_coef_"", ""_effective_probability"", ""_gamma"", ""_impl"", ""_intercept_"", ""_num_iter"", ""_sparse"", ""_sparse_fit"", ""_validate_targets"", ""asarray"", ""classes_"", ""dual_coef_"", ""float64"", ""gamma"", ""iinfo"", ""index"", ""intercept_"", ""isfinite"", ""issparse"", ""kernel"", ""mean"", ""multiply"", ""n_iter_"", ""probability"", ""randint"", ""random_state"", ""shape"", ""shape_fit_"", ""var"", ""verbose"", ""warn""]"
1.9.0,sklearn.svm._classes,NuSVR,predict,sklearn.svm._classes.NuSVR.predict,/opt/hostedtoolcache/Python/3.12.13/x64/lib/python3.12/site-packages/sklearn/svm/_base.py,python-bound,low,present,not-in-canonical-headline,not-in-canonical-headline,"[""python entry point; no recognized native dispatch evidence""]","[""_dense_predict"", ""_sparse"", ""_sparse_predict"", ""_validate_for_predict""]"
1.9.0,sklearn.kernel_approximation,Nystroem,fit,sklearn.kernel_approximation.Nystroem.fit,/opt/hostedtoolcache/Python/3.12.13/x64/lib/python3.12/site-packages/sklearn/kernel_approximation.py,blas-lapack-bound,medium,present,not-in-canonical-headline,not-in-canonical-headline,"[""blas-lapack-bound:linalg.svd""]","[""_get_kernel_params"", ""_n_features_out"", ""asarray"", ""clip"", ""component_indices_"", ""components_"", ""int64"", ""issparse"", ""kernel"", ""linalg"", ""n_components"", ""n_jobs"", ""normalization_"", ""permutation"", ""random_state"", ""shape"", ""sqrt"", ""warn""]"
1.9.0,sklearn.kernel_approximation,Nystroem,transform,sklearn.kernel_approximation.Nystroem.transform,/opt/hostedtoolcache/Python/3.12.13/x64/lib/python3.12/site-packages/sklearn/kernel_approximation.py,python-bound,low,present,not-in-canonical-headline,not-in-canonical-headline,"[""python entry point; no recognized native dispatch evidence""]","[""_get_kernel_params"", ""asarray"", ""components_"", ""kernel"", ""n_jobs"", ""normalization_""]"
1.9.0,sklearn.covariance._shrunk_covariance,OAS,fit,sklearn.covariance._shrunk_covariance.OAS.fit,/opt/hostedtoolcache/Python/3.12.13/x64/lib/python3.12/site-packages/sklearn/covariance/_shrunk_covariance.py,numpy-bound,medium,present,not-in-canonical-headline,not-in-canonical-headline,"[""numpy-bound:np.""]","[""_set_covariance"", ""assume_centered"", ""location_"", ""mean"", ""shape"", ""shrinkage_"", ""zeros""]"
1.9.0,sklearn.cluster._optics,OPTICS,fit,sklearn.cluster._optics.OPTICS.fit,/opt/hostedtoolcache/Python/3.12.13/x64/lib/python3.12/site-packages/sklearn/cluster/_optics.py,python-bound,medium,present,not-in-canonical-headline,not-in-canonical-headline,"[""python-control-loops:2""]","[""algorithm"", ""cache"", ""catch_warnings"", ""cluster_hierarchy_"", ""cluster_method"", ""copy"", ""core_distances_"", ""diagonal"", ""dtype"", ""eps"", ""labels_"", ""leaf_size"", ""max_eps"", ""memory"", ""metric"", ""metric_params"", ""min_cluster_size"", ""min_samples"", ""n_jobs"", ""ordering_"", ""p"", ""predecessor_"", ""predecessor_correction"", ""reachability_"", ""setdiag"", ""simplefilter"", ""warn"", ""xi""]"
1.9.0,sklearn.svm._classes,OneClassSVM,fit,sklearn.svm._classes.OneClassSVM.fit,/opt/hostedtoolcache/Python/3.12.13/x64/lib/python3.12/site-packages/sklearn/svm/_classes.py,numpy-bound,medium,present,not-in-canonical-headline,not-in-canonical-headline,"[""numpy-bound:np.""]","[""_intercept_"", ""offset_"", ""ones""]"
1.9.0,sklearn.svm._classes,OneClassSVM,predict,sklearn.svm._classes.OneClassSVM.predict,/opt/hostedtoolcache/Python/3.12.13/x64/lib/python3.12/site-packages/sklearn/svm/_classes.py,numpy-bound,medium,present,not-in-canonical-headline,not-in-canonical-headline,"[""numpy-bound:np.""]","[""asarray"", ""intp""]"
1.9.0,sklearn.svm._classes,OneClassSVM,decision_function,sklearn.svm._classes.OneClassSVM.decision_function,/opt/hostedtoolcache/Python/3.12.13/x64/lib/python3.12/site-packages/sklearn/svm/_classes.py,python-bound,medium,present,not-in-canonical-headline,not-in-canonical-headline,"[""python-control-loops:2""]","[""_decision_function""]"
1.9.0,sklearn.preprocessing._encoders,OneHotEncoder,fit,sklearn.preprocessing._encoders.OneHotEncoder.fit,/opt/hostedtoolcache/Python/3.12.13/x64/lib/python3.12/site-packages/sklearn/preprocessing/_encoders.py,python-bound,low,present,not-in-canonical-headline,not-in-canonical-headline,"[""python entry point; no recognized native dispatch evidence""]","[""_compute_n_features_outs"", ""_fit"", ""_n_features_outs"", ""_set_drop_idx"", ""handle_unknown"", ""pipeline""]"
1.9.0,sklearn.preprocessing._encoders,OneHotEncoder,transform,sklearn.preprocessing._encoders.OneHotEncoder.transform,/opt/hostedtoolcache/Python/3.12.13/x64/lib/python3.12/site-packages/sklearn/preprocessing/_encoders.py,mixed,medium,present,not-in-canonical-headline,not-in-canonical-headline,"[""numpy-bound:np."", ""python-control-loops:2""]","[""_drop_idx_after_grouping"", ""_n_features_outs"", ""_transform"", ""capitalize"", ""categories_"", ""csr_array"", ""cumsum"", ""drop"", ""dtype"", ""empty"", ""handle_unknown"", ""ones"", ""ravel"", ""reshape"", ""set_output"", ""shape"", ""sparse_output"", ""sum"", ""toarray""]"
1.9.0,sklearn.multiclass,OneVsOneClassifier,fit,sklearn.multiclass.OneVsOneClassifier.fit,/opt/hostedtoolcache/Python/3.12.13/x64/lib/python3.12/site-packages/sklearn/multiclass.py,mixed,medium,present,not-in-canonical-headline,not-in-canonical-headline,"[""numpy-bound:np."", ""python-control-loops:3""]","[""__sklearn_tags__"", ""classes_"", ""estimator"", ""estimators_"", ""fit"", ""n_jobs"", ""pairwise"", ""pairwise_indices_"", ""unique""]"
1.9.0,sklearn.multiclass,OneVsOneClassifier,predict,sklearn.multiclass.OneVsOneClassifier.predict,/opt/hostedtoolcache/Python/3.12.13/x64/lib/python3.12/site-packages/sklearn/multiclass.py,python-bound,medium,present,not-in-canonical-headline,not-in-canonical-headline,"[""python-control-loops:2""]","[""argmax"", ""classes_"", ""decision_function"", ""estimators_"", ""n_classes_""]"
1.9.0,sklearn.multiclass,OneVsOneClassifier,decision_function,sklearn.multiclass.OneVsOneClassifier.decision_function,/opt/hostedtoolcache/Python/3.12.13/x64/lib/python3.12/site-packages/sklearn/multiclass.py,mixed,medium,present,not-in-canonical-headline,not-in-canonical-headline,"[""numpy-bound:np."", ""python-control-loops:7""]","[""classes_"", ""estimators_"", ""n_classes_"", ""pairwise_indices_"", ""predict"", ""vstack""]"
1.9.0,sklearn.multiclass,OneVsRestClassifier,fit,sklearn.multiclass.OneVsRestClassifier.fit,/opt/hostedtoolcache/Python/3.12.13/x64/lib/python3.12/site-packages/sklearn/multiclass.py,python-bound,medium,present,not-in-canonical-headline,not-in-canonical-headline,"[""python-control-loops:3""]","[""T"", ""classes_"", ""estimator"", ""estimators_"", ""feature_names_in_"", ""fit"", ""label_binarizer_"", ""n_features_in_"", ""n_jobs"", ""toarray"", ""tocsc"", ""verbose""]"
1.9.0,sklearn.multiclass,OneVsRestClassifier,predict,sklearn.multiclass.OneVsRestClassifier.predict,/opt/hostedtoolcache/Python/3.12.13/x64/lib/python3.12/site-packages/sklearn/multiclass.py,mixed,medium,present,not-in-canonical-headline,not-in-canonical-headline,"[""numpy-bound:np."", ""python-control-loops:2""]","[""append"", ""argmax"", ""array"", ""classes_"", ""csc_array"", ""empty"", ""estimators_"", ""extend"", ""fill"", ""inf"", ""label_binarizer_"", ""maximum"", ""ones"", ""where"", ""zeros""]"
1.9.0,sklearn.multiclass,OneVsRestClassifier,predict_proba,sklearn.multiclass.OneVsRestClassifier.predict_proba,/opt/hostedtoolcache/Python/3.12.13/x64/lib/python3.12/site-packages/sklearn/multiclass.py,mixed,medium,present,not-in-canonical-headline,not-in-canonical-headline,"[""numpy-bound:np."", ""python-control-loops:4""]","[""array"", ""classes_"", ""concatenate"", ""divide"", ""estimators_"", ""multilabel_"", ""newaxis"", ""predict_proba"", ""sum""]"
1.9.0,sklearn.multiclass,OneVsRestClassifier,decision_function,sklearn.multiclass.OneVsRestClassifier.decision_function,/opt/hostedtoolcache/Python/3.12.13/x64/lib/python3.12/site-packages/sklearn/multiclass.py,mixed,medium,present,not-in-canonical-headline,not-in-canonical-headline,"[""numpy-bound:np."", ""python-control-loops:5""]","[""array"", ""decision_function"", ""estimators_""]"
1.9.0,sklearn.preprocessing._encoders,OrdinalEncoder,fit,sklearn.preprocessing._encoders.OrdinalEncoder.fit,/opt/hostedtoolcache/Python/3.12.13/x64/lib/python3.12/site-packages/sklearn/preprocessing/_encoders.py,mixed,medium,present,not-in-canonical-headline,not-in-canonical-headline,"[""numpy-bound:np."", ""python-control-loops:8""]","[""Integral"", ""_fit"", ""_infrequent_enabled"", ""_missing_indices"", ""categories_"", ""dtype"", ""encoded_missing_value"", ""feature_names_in_"", ""handle_unknown"", ""infrequent_categories_"", ""nan"", ""pipeline"", ""unknown_value""]"
1.9.0,sklearn.preprocessing._encoders,OrdinalEncoder,transform,sklearn.preprocessing._encoders.OrdinalEncoder.transform,/opt/hostedtoolcache/Python/3.12.13/x64/lib/python3.12/site-packages/sklearn/preprocessing/_encoders.py,python-bound,medium,present,not-in-canonical-headline,not-in-canonical-headline,"[""python-control-loops:2""]","[""_missing_indices"", ""_transform"", ""astype"", ""dtype"", ""encoded_missing_value"", ""handle_unknown"", ""unknown_value""]"
1.9.0,sklearn.linear_model._omp,OrthogonalMatchingPursuit,fit,sklearn.linear_model._omp.OrthogonalMatchingPursuit.fit,/opt/hostedtoolcache/Python/3.12.13/x64/lib/python3.12/site-packages/sklearn/linear_model/_omp.py,numpy-bound,medium,present,not-in-canonical-headline,not-in-canonical-headline,"[""numpy-bound:np.""]","[""T"", ""_set_intercept"", ""coef_"", ""fit_intercept"", ""n_iter_"", ""n_nonzero_coefs"", ""n_nonzero_coefs_"", ""ndim"", ""newaxis"", ""precompute"", ""shape"", ""sum"", ""tol""]"
1.9.0,sklearn.linear_model._omp,OrthogonalMatchingPursuit,predict,sklearn.linear_model._omp.OrthogonalMatchingPursuit.predict,/opt/hostedtoolcache/Python/3.12.13/x64/lib/python3.12/site-packages/sklearn/linear_model/_base.py,python-bound,low,present,not-in-canonical-headline,not-in-canonical-headline,"[""python entry point; no recognized native dispatch evidence""]",[]
1.9.0,sklearn.linear_model._omp,OrthogonalMatchingPursuitCV,fit,sklearn.linear_model._omp.OrthogonalMatchingPursuitCV.fit,/opt/hostedtoolcache/Python/3.12.13/x64/lib/python3.12/site-packages/sklearn/linear_model/_omp.py,mixed,medium,present,not-in-canonical-headline,not-in-canonical-headline,"[""numpy-bound:np."", ""python-control-loops:4""]","[""argmin"", ""array"", ""coef_"", ""copy"", ""cv"", ""fit_intercept"", ""intercept_"", ""max_iter"", ""mean"", ""n_iter_"", ""n_jobs"", ""n_nonzero_coefs_"", ""set_config"", ""shape"", ""split"", ""splitter"", ""verbose""]"
1.9.0,sklearn.linear_model._omp,OrthogonalMatchingPursuitCV,predict,sklearn.linear_model._omp.OrthogonalMatchingPursuitCV.predict,/opt/hostedtoolcache/Python/3.12.13/x64/lib/python3.12/site-packages/sklearn/linear_model/_base.py,python-bound,low,present,not-in-canonical-headline,not-in-canonical-headline,"[""python entry point; no recognized native dispatch evidence""]","[""_decision_function""]"
1.9.0,sklearn.multiclass,OutputCodeClassifier,fit,sklearn.multiclass.OutputCodeClassifier.fit,/opt/hostedtoolcache/Python/3.12.13/x64/lib/python3.12/site-packages/sklearn/multiclass.py,mixed,medium,present,not-in-canonical-headline,not-in-canonical-headline,"[""numpy-bound:np."", ""python-control-loops:4""]","[""array"", ""classes_"", ""code_book_"", ""code_size"", ""estimator"", ""estimators_"", ""feature_names_in_"", ""fit"", ""n_features_in_"", ""n_jobs"", ""random_state"", ""shape"", ""uniform"", ""unique""]"
1.9.0,sklearn.multiclass,OutputCodeClassifier,predict,sklearn.multiclass.OutputCodeClassifier.predict,/opt/hostedtoolcache/Python/3.12.13/x64/lib/python3.12/site-packages/sklearn/multiclass.py,numpy-bound,medium,present,not-in-canonical-headline,not-in-canonical-headline,"[""numpy-bound:np.""]","[""array"", ""classes_"", ""code_book_"", ""estimators_"", ""float64""]"
1.9.0,sklearn.decomposition._pca,PCA,fit,sklearn.decomposition._pca.PCA.fit,/opt/hostedtoolcache/Python/3.12.13/x64/lib/python3.12/site-packages/sklearn/decomposition/_pca.py,python-bound,low,present,canonical-headline:iris,parity verified,"[""python entry point; no recognized native dispatch evidence""]","[""_fit""]"
1.9.0,sklearn.decomposition._pca,PCA,transform,sklearn.decomposition._pca.PCA.transform,/opt/hostedtoolcache/Python/3.12.13/x64/lib/python3.12/site-packages/sklearn/decomposition/_base.py,python-bound,low,present,canonical-headline:iris,parity verified,"[""python entry point; no recognized native dispatch evidence""]","[""_transform"", ""components_"", ""explained_variance_"", ""float32"", ""float64""]"
1.9.0,sklearn.cross_decomposition._pls,PLSCanonical,fit,sklearn.cross_decomposition._pls.PLSCanonical.fit,/opt/hostedtoolcache/Python/3.12.13/x64/lib/python3.12/site-packages/sklearn/cross_decomposition/_pls.py,mixed,medium,present,not-in-canonical-headline,not-in-canonical-headline,"[""numpy-bound:np."", ""python-control-loops:3""]","[""T"", ""_n_features_out"", ""_norm_y_weights"", ""_predict_1d"", ""_x_mean"", ""_x_scores"", ""_x_std"", ""_y_mean"", ""_y_scores"", ""_y_std"", ""abs"", ""algorithm"", ""all"", ""coef_"", ""copy"", ""deflation_mode"", ""dot"", ""dtype"", ""e"", ""finfo"", ""float64"", ""intercept_"", ""max_iter"", ""mode"", ""n_components"", ""n_iter_"", ""ndim"", ""outer"", ""reshape"", ""scale"", ""shape"", ""tol"", ""warn"", ""x_loadings_"", ""x_rotations_"", ""x_weights_"", ""y_loadings_"", ""y_rotations_"", ""y_weights_"", ""zeros""]"
1.9.0,sklearn.cross_decomposition._pls,PLSCanonical,predict,sklearn.cross_decomposition._pls.PLSCanonical.predict,/opt/hostedtoolcache/Python/3.12.13/x64/lib/python3.12/site-packages/sklearn/cross_decomposition/_pls.py,python-bound,low,present,not-in-canonical-headline,not-in-canonical-headline,"[""python entry point; no recognized native dispatch evidence""]","[""_predict_1d"", ""_x_mean"", ""coef_"", ""intercept_"", ""ravel""]"
1.9.0,sklearn.cross_decomposition._pls,PLSCanonical,transform,sklearn.cross_decomposition._pls.PLSCanonical.transform,/opt/hostedtoolcache/Python/3.12.13/x64/lib/python3.12/site-packages/sklearn/cross_decomposition/_pls.py,numpy-bound,medium,present,not-in-canonical-headline,not-in-canonical-headline,"[""numpy-bound:np.""]","[""_x_mean"", ""_x_std"", ""_y_mean"", ""_y_std"", ""dot"", ""ndim"", ""reshape"", ""x_rotations_"", ""y_rotations_""]"
1.9.0,sklearn.cross_decomposition._pls,PLSRegression,fit,sklearn.cross_decomposition._pls.PLSRegression.fit,/opt/hostedtoolcache/Python/3.12.13/x64/lib/python3.12/site-packages/sklearn/cross_decomposition/_pls.py,python-bound,low,present,not-in-canonical-headline,not-in-canonical-headline,"[""python entry point; no recognized native dispatch evidence""]","[""_x_scores"", ""_y_scores"", ""x_scores_"", ""y_scores_""]"
1.9.0,sklearn.cross_decomposition._pls,PLSRegression,predict,sklearn.cross_decomposition._pls.PLSRegression.predict,/opt/hostedtoolcache/Python/3.12.13/x64/lib/python3.12/site-packages/sklearn/cross_decomposition/_pls.py,python-bound,low,present,not-in-canonical-headline,not-in-canonical-headline,"[""python entry point; no recognized native dispatch evidence""]","[""_predict_1d"", ""_x_mean"", ""coef_"", ""intercept_"", ""ravel""]"
1.9.0,sklearn.cross_decomposition._pls,PLSRegression,transform,sklearn.cross_decomposition._pls.PLSRegression.transform,/opt/hostedtoolcache/Python/3.12.13/x64/lib/python3.12/site-packages/sklearn/cross_decomposition/_pls.py,numpy-bound,medium,present,not-in-canonical-headline,not-in-canonical-headline,"[""numpy-bound:np.""]","[""_x_mean"", ""_x_std"", ""_y_mean"", ""_y_std"", ""dot"", ""ndim"", ""reshape"", ""x_rotations_"", ""y_rotations_""]"
1.9.0,sklearn.cross_decomposition._pls,PLSSVD,fit,sklearn.cross_decomposition._pls.PLSSVD.fit,/opt/hostedtoolcache/Python/3.12.13/x64/lib/python3.12/site-packages/sklearn/cross_decomposition/_pls.py,numpy-bound,medium,present,not-in-canonical-headline,not-in-canonical-headline,"[""numpy-bound:np.""]","[""T"", ""_n_features_out"", ""_x_mean"", ""_x_std"", ""_y_mean"", ""_y_std"", ""copy"", ""dot"", ""float64"", ""n_components"", ""ndim"", ""reshape"", ""scale"", ""shape"", ""x_weights_"", ""y_weights_""]"
1.9.0,sklearn.cross_decomposition._pls,PLSSVD,transform,sklearn.cross_decomposition._pls.PLSSVD.transform,/opt/hostedtoolcache/Python/3.12.13/x64/lib/python3.12/site-packages/sklearn/cross_decomposition/_pls.py,numpy-bound,medium,present,not-in-canonical-headline,not-in-canonical-headline,"[""numpy-bound:np.""]","[""_x_mean"", ""_x_std"", ""_y_mean"", ""_y_std"", ""dot"", ""float64"", ""ndim"", ""reshape"", ""x_weights_"", ""y_weights_""]"
1.9.0,sklearn.linear_model._passive_aggressive,PassiveAggressiveClassifier,fit,sklearn.linear_model._passive_aggressive.PassiveAggressiveClassifier.fit,/opt/hostedtoolcache/Python/3.12.13/x64/lib/python3.12/site-packages/sklearn/linear_model/_passive_aggressive.py,python-bound,low,present,not-in-canonical-headline,not-in-canonical-headline,"[""python entry point; no recognized native dispatch evidence""]","[""_fit"", ""_more_validate_params"", ""loss""]"
1.9.0,sklearn.linear_model._passive_aggressive,PassiveAggressiveClassifier,predict,sklearn.linear_model._passive_aggressive.PassiveAggressiveClassifier.predict,/opt/hostedtoolcache/Python/3.12.13/x64/lib/python3.12/site-packages/sklearn/linear_model/_base.py,python-bound,medium,present,not-in-canonical-headline,not-in-canonical-headline,"[""python-control-loops:3""]","[""argmax"", ""astype"", ""classes_"", ""decision_function"", ""shape"", ""take""]"
1.9.0,sklearn.linear_model._passive_aggressive,PassiveAggressiveClassifier,decision_function,sklearn.linear_model._passive_aggressive.PassiveAggressiveClassifier.decision_function,/opt/hostedtoolcache/Python/3.12.13/x64/lib/python3.12/site-packages/sklearn/linear_model/_base.py,python-bound,medium,present,not-in-canonical-headline,not-in-canonical-headline,"[""python-control-loops:4""]","[""classes_"", ""coef_"", ""intercept_"", ""ndim"", ""reshape"", ""shape""]"
1.9.0,sklearn.linear_model._passive_aggressive,PassiveAggressiveRegressor,fit,sklearn.linear_model._passive_aggressive.PassiveAggressiveRegressor.fit,/opt/hostedtoolcache/Python/3.12.13/x64/lib/python3.12/site-packages/sklearn/linear_model/_passive_aggressive.py,python-bound,low,present,not-in-canonical-headline,not-in-canonical-headline,"[""python entry point; no recognized native dispatch evidence""]","[""_fit"", ""_more_validate_params"", ""loss""]"
1.9.0,sklearn.linear_model._passive_aggressive,PassiveAggressiveRegressor,predict,sklearn.linear_model._passive_aggressive.PassiveAggressiveRegressor.predict,/opt/hostedtoolcache/Python/3.12.13/x64/lib/python3.12/site-packages/sklearn/linear_model/_stochastic_gradient.py,python-bound,low,present,not-in-canonical-headline,not-in-canonical-headline,"[""python entry point; no recognized native dispatch evidence""]","[""_decision_function""]"
1.9.0,sklearn.feature_extraction.image,PatchExtractor,fit,sklearn.feature_extraction.image.PatchExtractor.fit,/opt/hostedtoolcache/Python/3.12.13/x64/lib/python3.12/site-packages/sklearn/feature_extraction/image.py,python-bound,low,present,not-in-canonical-headline,not-in-canonical-headline,"[""python entry point; no recognized native dispatch evidence""]",[]
1.9.0,sklearn.feature_extraction.image,PatchExtractor,transform,sklearn.feature_extraction.image.PatchExtractor.transform,/opt/hostedtoolcache/Python/3.12.13/x64/lib/python3.12/site-packages/sklearn/feature_extraction/image.py,numpy-bound,medium,present,not-in-canonical-headline,not-in-canonical-headline,"[""numpy-bound:np.""]","[""empty"", ""max_patches"", ""patch_size"", ""random_state"", ""reshape"", ""shape""]"
1.9.0,sklearn.linear_model._perceptron,Perceptron,fit,sklearn.linear_model._perceptron.Perceptron.fit,/opt/hostedtoolcache/Python/3.12.13/x64/lib/python3.12/site-packages/sklearn/linear_model/_stochastic_gradient.py,python-bound,low,present,not-in-canonical-headline,not-in-canonical-headline,"[""python entry point; no recognized native dispatch evidence""]","[""_fit"", ""_more_validate_params"", ""alpha"", ""learning_rate"", ""loss""]"
1.9.0,sklearn.linear_model._perceptron,Perceptron,predict,sklearn.linear_model._perceptron.Perceptron.predict,/opt/hostedtoolcache/Python/3.12.13/x64/lib/python3.12/site-packages/sklearn/linear_model/_base.py,python-bound,medium,present,not-in-canonical-headline,not-in-canonical-headline,"[""python-control-loops:3""]","[""argmax"", ""astype"", ""classes_"", ""decision_function"", ""shape"", ""take""]"
1.9.0,sklearn.linear_model._perceptron,Perceptron,decision_function,sklearn.linear_model._perceptron.Perceptron.decision_function,/opt/hostedtoolcache/Python/3.12.13/x64/lib/python3.12/site-packages/sklearn/linear_model/_base.py,python-bound,medium,present,not-in-canonical-headline,not-in-canonical-headline,"[""python-control-loops:4""]","[""classes_"", ""coef_"", ""intercept_"", ""ndim"", ""reshape"", ""shape""]"
1.9.0,sklearn.pipeline,Pipeline,fit,sklearn.pipeline.Pipeline.fit,/opt/hostedtoolcache/Python/3.12.13/x64/lib/python3.12/site-packages/sklearn/pipeline.py,python-bound,medium,present,not-in-canonical-headline,not-in-canonical-headline,"[""python-control-loops:4""]","[""_check_method_params"", ""_final_estimator"", ""_fit"", ""_get_metadata_for_step"", ""_init_callback_context"", ""_log_message"", ""call_on_fit_task_begin"", ""call_on_fit_task_end"", ""propagate_callback_context"", ""set_config"", ""steps"", ""subcontext"", ""transform_input""]"
1.9.0,sklearn.pipeline,Pipeline,predict,sklearn.pipeline.Pipeline.predict,/opt/hostedtoolcache/Python/3.12.13/x64/lib/python3.12/site-packages/sklearn/pipeline.py,python-bound,medium,present,not-in-canonical-headline,not-in-canonical-headline,"[""python-control-loops:5""]","[""_iter"", ""set_config"", ""steps"", ""transform""]"
1.9.0,sklearn.pipeline,Pipeline,predict_proba,sklearn.pipeline.Pipeline.predict_proba,/opt/hostedtoolcache/Python/3.12.13/x64/lib/python3.12/site-packages/sklearn/pipeline.py,python-bound,medium,present,not-in-canonical-headline,not-in-canonical-headline,"[""python-control-loops:4""]","[""_iter"", ""steps"", ""transform""]"
1.9.0,sklearn.pipeline,Pipeline,decision_function,sklearn.pipeline.Pipeline.decision_function,/opt/hostedtoolcache/Python/3.12.13/x64/lib/python3.12/site-packages/sklearn/pipeline.py,python-bound,medium,present,not-in-canonical-headline,not-in-canonical-headline,"[""python-control-loops:3""]","[""_iter"", ""get"", ""steps"", ""transform""]"
1.9.0,sklearn.pipeline,Pipeline,transform,sklearn.pipeline.Pipeline.transform,/opt/hostedtoolcache/Python/3.12.13/x64/lib/python3.12/site-packages/sklearn/pipeline.py,python-bound,medium,present,not-in-canonical-headline,not-in-canonical-headline,"[""python-control-loops:3""]","[""_iter"", ""transform""]"
1.9.0,sklearn.linear_model._glm.glm,PoissonRegressor,fit,sklearn.linear_model._glm.glm.PoissonRegressor.fit,/opt/hostedtoolcache/Python/3.12.13/x64/lib/python3.12/site-packages/sklearn/linear_model/_glm/glm.py,mixed,medium,present,not-in-canonical-headline,not-in-canonical-headline,"[""cython-bound:_loss"", ""scipy-bound:optimize."", ""scipy-bound:scipy."", ""blas-lapack-bound:cholesky"", ""numpy-bound:np."", ""python-control-loops:2""]","[""__name__"", ""_base_loss"", ""_get_loss"", ""alpha"", ""array"", ""asarray"", ""astype"", ""base_loss"", ""coef_"", ""concatenate"", ""copy"", ""dtype"", ""finfo"", ""fit_intercept"", ""float32"", ""float64"", ""init_zero_coef"", ""intercept_"", ""iteration"", ""link"", ""loss"", ""loss_gradient"", ""max_iter"", ""n_iter_"", ""optimize"", ""shape"", ""solve"", ""solver"", ""tol"", ""verbose"", ""warm_start"", ""x""]"
1.9.0,sklearn.linear_model._glm.glm,PoissonRegressor,predict,sklearn.linear_model._glm.glm.PoissonRegressor.predict,/opt/hostedtoolcache/Python/3.12.13/x64/lib/python3.12/site-packages/sklearn/linear_model/_glm/glm.py,cython-bound,high,present,not-in-canonical-headline,not-in-canonical-headline,"[""cython-bound:_loss""]","[""_base_loss"", ""_linear_predictor"", ""inverse""]"
1.9.0,sklearn.kernel_approximation,PolynomialCountSketch,fit,sklearn.kernel_approximation.PolynomialCountSketch.fit,/opt/hostedtoolcache/Python/3.12.13/x64/lib/python3.12/site-packages/sklearn/kernel_approximation.py,python-bound,low,present,not-in-canonical-headline,not-in-canonical-headline,"[""python entry point; no recognized native dispatch evidence""]","[""_n_features_out"", ""bitHash_"", ""choice"", ""coef0"", ""degree"", ""indexHash_"", ""n_components"", ""randint"", ""random_state"", ""shape""]"
1.9.0,sklearn.kernel_approximation,PolynomialCountSketch,transform,sklearn.kernel_approximation.PolynomialCountSketch.transform,/opt/hostedtoolcache/Python/3.12.13/x64/lib/python3.12/site-packages/sklearn/kernel_approximation.py,mixed,medium,present,not-in-canonical-headline,not-in-canonical-headline,"[""numpy-bound:np."", ""python-control-loops:5""]","[""bitHash_"", ""coef0"", ""degree"", ""gamma"", ""hstack"", ""indexHash_"", ""issparse"", ""n_components"", ""ones"", ""prod"", ""real"", ""shape"", ""sqrt"", ""zeros""]"
1.9.0,sklearn.preprocessing._polynomial,PolynomialFeatures,fit,sklearn.preprocessing._polynomial.PolynomialFeatures.fit,/opt/hostedtoolcache/Python/3.12.13/x64/lib/python3.12/site-packages/sklearn/preprocessing/_polynomial.py,mixed,medium,present,not-in-canonical-headline,not-in-canonical-headline,"[""numpy-bound:np."", ""python-control-loops:2""]","[""_max_degree"", ""_min_degree"", ""_n_out_full"", ""_num_combinations"", ""abc"", ""degree"", ""iinfo"", ""include_bias"", ""int32"", ""int64"", ""interaction_only"", ""intp"", ""n_output_features_"", ""name""]"
1.9.0,sklearn.preprocessing._polynomial,PolynomialFeatures,transform,sklearn.preprocessing._polynomial.PolynomialFeatures.transform,/opt/hostedtoolcache/Python/3.12.13/x64/lib/python3.12/site-packages/sklearn/preprocessing/_polynomial.py,mixed,medium,present,not-in-canonical-headline,not-in-canonical-headline,"[""numpy-bound:np."", ""python-control-loops:11""]","[""_combinations"", ""_max_degree"", ""_min_degree"", ""_n_out_full"", ""append"", ""asarray"", ""csc_array"", ""csr_array"", ""dtype"", ""e"", ""empty"", ""format"", ""hstack"", ""iinfo"", ""include_bias"", ""int32"", ""interaction_only"", ""issparse"", ""multiply"", ""n_output_features_"", ""ones"", ""order"", ""shape"", ""tocsc"", ""tocsr"", ""transform""]"
1.9.0,sklearn.preprocessing._data,PowerTransformer,fit,sklearn.preprocessing._data.PowerTransformer.fit,/opt/hostedtoolcache/Python/3.12.13/x64/lib/python3.12/site-packages/sklearn/preprocessing/_data.py,python-bound,medium,present,not-in-canonical-headline,not-in-canonical-headline,"[""python-control-loops:2""]","[""_fit""]"
1.9.0,sklearn.preprocessing._data,PowerTransformer,transform,sklearn.preprocessing._data.PowerTransformer.transform,/opt/hostedtoolcache/Python/3.12.13/x64/lib/python3.12/site-packages/sklearn/preprocessing/_data.py,numpy-bound,medium,present,not-in-canonical-headline,not-in-canonical-headline,"[""numpy-bound:np.""]","[""_check_input"", ""_scaler"", ""errstate"", ""lambdas_"", ""method"", ""standardize"", ""yeojohnson""]"
1.9.0,sklearn.discriminant_analysis,QuadraticDiscriminantAnalysis,fit,sklearn.discriminant_analysis.QuadraticDiscriminantAnalysis.fit,/opt/hostedtoolcache/Python/3.12.13/x64/lib/python3.12/site-packages/sklearn/discriminant_analysis.py,mixed,medium,present,not-in-canonical-headline,not-in-canonical-headline,"[""numpy-bound:np."", ""python-control-loops:3""]","[""LinAlgError"", ""_solve_eigen"", ""_solve_svd"", ""append"", ""array"", ""asarray"", ""classes_"", ""com"", ""covariance_"", ""covariance_estimator"", ""mean"", ""means_"", ""priors"", ""priors_"", ""rotations_"", ""scalings_"", ""shape"", ""shrinkage"", ""solver"", ""store_covariance"", ""sum"", ""tol"", ""unique""]"
1.9.0,sklearn.discriminant_analysis,QuadraticDiscriminantAnalysis,predict,sklearn.discriminant_analysis.QuadraticDiscriminantAnalysis.predict,/opt/hostedtoolcache/Python/3.12.13/x64/lib/python3.12/site-packages/sklearn/discriminant_analysis.py,python-bound,medium,present,not-in-canonical-headline,not-in-canonical-headline,"[""python-control-loops:2""]","[""_decision_function"", ""argmax"", ""classes_""]"
1.9.0,sklearn.discriminant_analysis,QuadraticDiscriminantAnalysis,predict_proba,sklearn.discriminant_analysis.QuadraticDiscriminantAnalysis.predict_proba,/opt/hostedtoolcache/Python/3.12.13/x64/lib/python3.12/site-packages/sklearn/discriminant_analysis.py,numpy-bound,medium,present,not-in-canonical-headline,not-in-canonical-headline,"[""numpy-bound:np.""]","[""classes_"", ""exp"", ""predict_log_proba""]"
1.9.0,sklearn.discriminant_analysis,QuadraticDiscriminantAnalysis,decision_function,sklearn.discriminant_analysis.QuadraticDiscriminantAnalysis.decision_function,/opt/hostedtoolcache/Python/3.12.13/x64/lib/python3.12/site-packages/sklearn/discriminant_analysis.py,python-bound,low,present,not-in-canonical-headline,not-in-canonical-headline,"[""python entry point; no recognized native dispatch evidence""]","[""e""]"
1.9.0,sklearn.linear_model._quantile,QuantileRegressor,fit,sklearn.linear_model._quantile.QuantileRegressor.fit,/opt/hostedtoolcache/Python/3.12.13/x64/lib/python3.12/site-packages/sklearn/linear_model/_quantile.py,mixed,medium,present,not-in-canonical-headline,not-in-canonical-headline,"[""numpy-bound:np."", ""python-control-loops:5""]","[""alpha"", ""coef_"", ""concatenate"", ""csc_array"", ""dtype"", ""eye"", ""fit_intercept"", ""full"", ""hstack"", ""intercept_"", ""issparse"", ""message"", ""n_iter_"", ""nit"", ""nonzero"", ""ones"", ""quantile"", ""setdefault"", ""shape"", ""solver"", ""solver_options"", ""stackexchange"", ""status"", ""success"", ""sum"", ""warn"", ""x""]"
1.9.0,sklearn.linear_model._quantile,QuantileRegressor,predict,sklearn.linear_model._quantile.QuantileRegressor.predict,/opt/hostedtoolcache/Python/3.12.13/x64/lib/python3.12/site-packages/sklearn/linear_model/_base.py,python-bound,low,present,not-in-canonical-headline,not-in-canonical-headline,"[""python entry point; no recognized native dispatch evidence""]","[""_decision_function""]"
1.9.0,sklearn.preprocessing._data,QuantileTransformer,fit,sklearn.preprocessing._data.QuantileTransformer.fit,/opt/hostedtoolcache/Python/3.12.13/x64/lib/python3.12/site-packages/sklearn/preprocessing/_data.py,numpy-bound,medium,present,not-in-canonical-headline,not-in-canonical-headline,"[""numpy-bound:np.""]","[""_check_inputs"", ""_dense_fit"", ""_sparse_fit"", ""issparse"", ""linspace"", ""n_quantiles"", ""n_quantiles_"", ""random_state"", ""references_"", ""shape"", ""subsample"", ""warn""]"
1.9.0,sklearn.preprocessing._data,QuantileTransformer,transform,sklearn.preprocessing._data.QuantileTransformer.transform,/opt/hostedtoolcache/Python/3.12.13/x64/lib/python3.12/site-packages/sklearn/preprocessing/_data.py,python-bound,low,present,not-in-canonical-headline,not-in-canonical-headline,"[""python entry point; no recognized native dispatch evidence""]","[""_check_inputs"", ""_transform"", ""copy""]"
1.9.0,sklearn.linear_model._ransac,RANSACRegressor,fit,sklearn.linear_model._ransac.RANSACRegressor.fit,/opt/hostedtoolcache/Python/3.12.13/x64/lib/python3.12/site-packages/sklearn/linear_model/_ransac.py,mixed,medium,present,not-in-canonical-headline,not-in-canonical-headline,"[""numpy-bound:np."", ""python-control-loops:10""]","[""abs"", ""arange"", ""ceil"", ""estimator"", ""estimator_"", ""fit"", ""inf"", ""inlier_mask_"", ""is_data_valid"", ""is_model_valid"", ""loss"", ""max_skips"", ""max_trials"", ""median"", ""min_samples"", ""n_skips_invalid_data_"", ""n_skips_invalid_model_"", ""n_skips_no_inliers_"", ""n_trials_"", ""ndim"", ""predict"", ""random_state"", ""residual_threshold"", ""score"", ""set_config"", ""set_params"", ""shape"", ""stop_n_inliers"", ""stop_probability"", ""stop_score"", ""sum"", ""warn""]"
1.9.0,sklearn.linear_model._ransac,RANSACRegressor,predict,sklearn.linear_model._ransac.RANSACRegressor.predict,/opt/hostedtoolcache/Python/3.12.13/x64/lib/python3.12/site-packages/sklearn/linear_model/_ransac.py,python-bound,medium,present,not-in-canonical-headline,not-in-canonical-headline,"[""python-control-loops:2""]","[""estimator_"", ""predict"", ""set_config""]"
1.9.0,sklearn.kernel_approximation,RBFSampler,fit,sklearn.kernel_approximation.RBFSampler.fit,/opt/hostedtoolcache/Python/3.12.13/x64/lib/python3.12/site-packages/sklearn/kernel_approximation.py,numpy-bound,medium,present,not-in-canonical-headline,not-in-canonical-headline,"[""numpy-bound:np.""]","[""_gamma"", ""_n_features_out"", ""dtype"", ""float32"", ""gamma"", ""issparse"", ""mean"", ""multiply"", ""n_components"", ""normal"", ""pi"", ""random_offset_"", ""random_state"", ""random_weights_"", ""shape"", ""uniform"", ""var""]"
1.9.0,sklearn.kernel_approximation,RBFSampler,transform,sklearn.kernel_approximation.RBFSampler.transform,/opt/hostedtoolcache/Python/3.12.13/x64/lib/python3.12/site-packages/sklearn/kernel_approximation.py,numpy-bound,medium,present,not-in-canonical-headline,not-in-canonical-headline,"[""numpy-bound:np.""]","[""cos"", ""n_components"", ""random_offset_"", ""random_weights_""]"
1.9.0,sklearn.feature_selection._rfe,RFE,fit,sklearn.feature_selection._rfe.RFE.fit,/opt/hostedtoolcache/Python/3.12.13/x64/lib/python3.12/site-packages/sklearn/feature_selection/_rfe.py,python-bound,low,present,not-in-canonical-headline,not-in-canonical-headline,"[""python entry point; no recognized native dispatch evidence""]","[""_fit"", ""estimator""]"
1.9.0,sklearn.feature_selection._rfe,RFE,predict,sklearn.feature_selection._rfe.RFE.predict,/opt/hostedtoolcache/Python/3.12.13/x64/lib/python3.12/site-packages/sklearn/feature_selection/_rfe.py,python-bound,low,present,not-in-canonical-headline,not-in-canonical-headline,"[""python entry point; no recognized native dispatch evidence""]","[""estimator"", ""estimator_"", ""set_config"", ""transform""]"
1.9.0,sklearn.feature_selection._rfe,RFE,predict_proba,sklearn.feature_selection._rfe.RFE.predict_proba,/opt/hostedtoolcache/Python/3.12.13/x64/lib/python3.12/site-packages/sklearn/feature_selection/_rfe.py,numpy-bound,medium,present,not-in-canonical-headline,not-in-canonical-headline,"[""numpy-bound:np.""]","[""estimator_"", ""float32"", ""transform""]"
1.9.0,sklearn.feature_selection._rfe,RFE,decision_function,sklearn.feature_selection._rfe.RFE.decision_function,/opt/hostedtoolcache/Python/3.12.13/x64/lib/python3.12/site-packages/sklearn/feature_selection/_rfe.py,numpy-bound,medium,present,not-in-canonical-headline,not-in-canonical-headline,"[""numpy-bound:np.""]","[""estimator_"", ""float32"", ""transform""]"
1.9.0,sklearn.feature_selection._rfe,RFE,transform,sklearn.feature_selection._rfe.RFE.transform,/opt/hostedtoolcache/Python/3.12.13/x64/lib/python3.12/site-packages/sklearn/feature_selection/_base.py,python-bound,low,present,not-in-canonical-headline,not-in-canonical-headline,"[""python entry point; no recognized native dispatch evidence""]","[""_transform"", ""allow_nan""]"
1.9.0,sklearn.feature_selection._rfe,RFECV,fit,sklearn.feature_selection._rfe.RFECV.fit,/opt/hostedtoolcache/Python/3.12.13/x64/lib/python3.12/site-packages/sklearn/feature_selection/_rfe.py,mixed,medium,present,not-in-canonical-headline,not-in-canonical-headline,"[""numpy-bound:np."", ""python-control-loops:8""]","[""_get_scorer"", ""_transform"", ""argmax"", ""array"", ""cv"", ""cv_results_"", ""estimator"", ""estimator_"", ""fit"", ""importance_getter"", ""mean"", ""min_features_to_select"", ""n_features_"", ""n_jobs"", ""pop"", ""ranking_"", ""set_config"", ""shape"", ""split"", ""splitter"", ""std"", ""step"", ""sum"", ""support_"", ""verbose"", ""warn""]"
1.9.0,sklearn.feature_selection._rfe,RFECV,predict,sklearn.feature_selection._rfe.RFECV.predict,/opt/hostedtoolcache/Python/3.12.13/x64/lib/python3.12/site-packages/sklearn/feature_selection/_rfe.py,python-bound,low,present,not-in-canonical-headline,not-in-canonical-headline,"[""python entry point; no recognized native dispatch evidence""]","[""estimator"", ""estimator_"", ""set_config"", ""transform""]"
1.9.0,sklearn.feature_selection._rfe,RFECV,predict_proba,sklearn.feature_selection._rfe.RFECV.predict_proba,/opt/hostedtoolcache/Python/3.12.13/x64/lib/python3.12/site-packages/sklearn/feature_selection/_rfe.py,numpy-bound,medium,present,not-in-canonical-headline,not-in-canonical-headline,"[""numpy-bound:np.""]","[""estimator_"", ""float32"", ""transform""]"
1.9.0,sklearn.feature_selection._rfe,RFECV,decision_function,sklearn.feature_selection._rfe.RFECV.decision_function,/opt/hostedtoolcache/Python/3.12.13/x64/lib/python3.12/site-packages/sklearn/feature_selection/_rfe.py,numpy-bound,medium,present,not-in-canonical-headline,not-in-canonical-headline,"[""numpy-bound:np.""]","[""estimator_"", ""float32"", ""transform""]"
1.9.0,sklearn.feature_selection._rfe,RFECV,transform,sklearn.feature_selection._rfe.RFECV.transform,/opt/hostedtoolcache/Python/3.12.13/x64/lib/python3.12/site-packages/sklearn/feature_selection/_base.py,python-bound,low,present,not-in-canonical-headline,not-in-canonical-headline,"[""python entry point; no recognized native dispatch evidence""]","[""_transform"", ""allow_nan""]"
1.9.0,sklearn.neighbors._classification,RadiusNeighborsClassifier,fit,sklearn.neighbors._classification.RadiusNeighborsClassifier.fit,/opt/hostedtoolcache/Python/3.12.13/x64/lib/python3.12/site-packages/sklearn/neighbors/_classification.py,mixed,medium,present,not-in-canonical-headline,not-in-canonical-headline,"[""numpy-bound:np."", ""python-control-loops:4""]","[""_fit"", ""_y"", ""append"", ""argmax"", ""bincount"", ""classes_"", ""dtype"", ""metric"", ""outlier_label"", ""outlier_label_"", ""outputs_2d_""]"
1.9.0,sklearn.neighbors._classification,RadiusNeighborsClassifier,predict,sklearn.neighbors._classification.RadiusNeighborsClassifier.predict,/opt/hostedtoolcache/Python/3.12.13/x64/lib/python3.12/site-packages/sklearn/neighbors/_classification.py,mixed,medium,present,not-in-canonical-headline,not-in-canonical-headline,"[""numpy-bound:np."", ""python-control-loops:4""]","[""any"", ""argmax"", ""classes_"", ""empty"", ""flatnonzero"", ""outlier_label_"", ""outputs_2d_"", ""predict_proba"", ""ravel""]"
1.9.0,sklearn.neighbors._classification,RadiusNeighborsClassifier,predict_proba,sklearn.neighbors._classification.RadiusNeighborsClassifier.predict_proba,/opt/hostedtoolcache/Python/3.12.13/x64/lib/python3.12/site-packages/sklearn/neighbors/_classification.py,mixed,medium,present,not-in-canonical-headline,not-in-canonical-headline,"[""numpy-bound:np."", ""python-control-loops:9""]","[""_fit_X"", ""_fit_method"", ""_y"", ""append"", ""arange"", ""bincount"", ""classes_"", ""com"", ""compute"", ""flatnonzero"", ""intp"", ""is_usable_for"", ""metric"", ""metric_params"", ""newaxis"", ""outlier_label"", ""outlier_label_"", ""outputs_2d_"", ""p"", ""radius"", ""radius_neighbors"", ""size"", ""sum"", ""warn"", ""weights"", ""zeros""]"
1.9.0,sklearn.neighbors._regression,RadiusNeighborsRegressor,fit,sklearn.neighbors._regression.RadiusNeighborsRegressor.fit,/opt/hostedtoolcache/Python/3.12.13/x64/lib/python3.12/site-packages/sklearn/neighbors/_regression.py,python-bound,low,present,not-in-canonical-headline,not-in-canonical-headline,"[""python entry point; no recognized native dispatch evidence""]","[""_fit"", ""metric""]"
1.9.0,sklearn.neighbors._regression,RadiusNeighborsRegressor,predict,sklearn.neighbors._regression.RadiusNeighborsRegressor.predict,/opt/hostedtoolcache/Python/3.12.13/x64/lib/python3.12/site-packages/sklearn/neighbors/_regression.py,mixed,medium,present,not-in-canonical-headline,not-in-canonical-headline,"[""numpy-bound:np."", ""python-control-loops:4""]","[""_y"", ""any"", ""array"", ""average"", ""full_like"", ""isnan"", ""mean"", ""nan"", ""ndim"", ""radius_neighbors"", ""ravel"", ""reshape"", ""warn"", ""weights""]"
1.9.0,sklearn.neighbors._graph,RadiusNeighborsTransformer,fit,sklearn.neighbors._graph.RadiusNeighborsTransformer.fit,/opt/hostedtoolcache/Python/3.12.13/x64/lib/python3.12/site-packages/sklearn/neighbors/_graph.py,python-bound,low,present,not-in-canonical-headline,not-in-canonical-headline,"[""python entry point; no recognized native dispatch evidence""]","[""_fit"", ""_n_features_out"", ""metric"", ""n_samples_fit_""]"
1.9.0,sklearn.neighbors._graph,RadiusNeighborsTransformer,transform,sklearn.neighbors._graph.RadiusNeighborsTransformer.transform,/opt/hostedtoolcache/Python/3.12.13/x64/lib/python3.12/site-packages/sklearn/neighbors/_graph.py,python-bound,low,present,not-in-canonical-headline,not-in-canonical-headline,"[""python entry point; no recognized native dispatch evidence""]","[""mode"", ""radius_neighbors_graph""]"
1.9.0,sklearn.ensemble._forest,RandomForestClassifier,fit,sklearn.ensemble._forest.RandomForestClassifier.fit,/opt/hostedtoolcache/Python/3.12.13/x64/lib/python3.12/site-packages/sklearn/ensemble/_forest.py,mixed,medium,present,"canonical-headline:digits,iris",approximately equivalent,"[""cython-bound:_forest"", ""cython-bound:_tree"", ""numpy-bound:np."", ""python-control-loops:11""]","[""__class__"", ""_compute_missing_values_in_feature_mask"", ""_make_estimator"", ""_n_samples"", ""_n_samples_bootstrap"", ""_sample_weight"", ""_set_oob_score_and_attributes"", ""_validate_estimator"", ""_validate_y_class_weight"", ""any"", ""ascontiguousarray"", ""atleast_1d"", ""bootstrap"", ""class_weight"", ""classes_"", ""criterion"", ""estimator"", ""estimators_"", ""flags"", ""float32"", ""float64"", ""g"", ""max_samples"", ""n_classes_"", ""n_estimators"", ""n_jobs"", ""n_outputs_"", ""ndim"", ""newaxis"", ""oob_score"", ""randint"", ""random_state"", ""reshape"", ""shape"", ""sort_indices"", ""sum"", ""verbose"", ""warm_start""]"
1.9.0,sklearn.ensemble._forest,RandomForestClassifier,predict,sklearn.ensemble._forest.RandomForestClassifier.predict,/opt/hostedtoolcache/Python/3.12.13/x64/lib/python3.12/site-packages/sklearn/ensemble/_forest.py,mixed,medium,present,"canonical-headline:digits,iris",approximately equivalent,"[""cython-bound:_forest"", ""numpy-bound:np."", ""python-control-loops:2""]","[""argmax"", ""classes_"", ""empty"", ""float32"", ""n_outputs_"", ""predict_proba""]"
1.9.0,sklearn.ensemble._forest,RandomForestClassifier,predict_proba,sklearn.ensemble._forest.RandomForestClassifier.predict_proba,/opt/hostedtoolcache/Python/3.12.13/x64/lib/python3.12/site-packages/sklearn/ensemble/_forest.py,mixed,medium,present,"canonical-headline:digits,iris",approximately equivalent,"[""cython-bound:_forest"", ""numpy-bound:np."", ""python-control-loops:4""]","[""Lock"", ""_validate_X_predict"", ""atleast_1d"", ""estimators_"", ""float32"", ""float64"", ""n_classes_"", ""n_estimators"", ""n_jobs"", ""predict_proba"", ""shape"", ""verbose"", ""zeros""]"
1.9.0,sklearn.ensemble._forest,RandomForestRegressor,fit,sklearn.ensemble._forest.RandomForestRegressor.fit,/opt/hostedtoolcache/Python/3.12.13/x64/lib/python3.12/site-packages/sklearn/ensemble/_forest.py,mixed,medium,present,not-in-canonical-headline,not-in-canonical-headline,"[""cython-bound:_forest"", ""cython-bound:_tree"", ""numpy-bound:np."", ""python-control-loops:11""]","[""__class__"", ""_compute_missing_values_in_feature_mask"", ""_make_estimator"", ""_n_samples"", ""_n_samples_bootstrap"", ""_sample_weight"", ""_set_oob_score_and_attributes"", ""_validate_estimator"", ""_validate_y_class_weight"", ""any"", ""ascontiguousarray"", ""atleast_1d"", ""bootstrap"", ""class_weight"", ""classes_"", ""criterion"", ""estimator"", ""estimators_"", ""flags"", ""float32"", ""float64"", ""g"", ""max_samples"", ""n_classes_"", ""n_estimators"", ""n_jobs"", ""n_outputs_"", ""ndim"", ""newaxis"", ""oob_score"", ""randint"", ""random_state"", ""reshape"", ""shape"", ""sort_indices"", ""sum"", ""verbose"", ""warm_start""]"
1.9.0,sklearn.ensemble._forest,RandomForestRegressor,predict,sklearn.ensemble._forest.RandomForestRegressor.predict,/opt/hostedtoolcache/Python/3.12.13/x64/lib/python3.12/site-packages/sklearn/ensemble/_forest.py,mixed,medium,present,not-in-canonical-headline,not-in-canonical-headline,"[""cython-bound:_forest"", ""numpy-bound:np."", ""python-control-loops:2""]","[""Lock"", ""_validate_X_predict"", ""estimators_"", ""float32"", ""float64"", ""n_estimators"", ""n_jobs"", ""n_outputs_"", ""predict"", ""shape"", ""verbose"", ""zeros""]"
1.9.0,sklearn.ensemble._forest,RandomTreesEmbedding,fit,sklearn.ensemble._forest.RandomTreesEmbedding.fit,/opt/hostedtoolcache/Python/3.12.13/x64/lib/python3.12/site-packages/sklearn/ensemble/_forest.py,mixed,medium,present,not-in-canonical-headline,not-in-canonical-headline,"[""cython-bound:_forest"", ""numpy-bound:np."", ""python-control-loops:5""]","[""fit_transform"", ""float32""]"
1.9.0,sklearn.ensemble._forest,RandomTreesEmbedding,transform,sklearn.ensemble._forest.RandomTreesEmbedding.transform,/opt/hostedtoolcache/Python/3.12.13/x64/lib/python3.12/site-packages/sklearn/ensemble/_forest.py,mixed,medium,present,not-in-canonical-headline,not-in-canonical-headline,"[""cython-bound:_forest"", ""numpy-bound:np."", ""python-control-loops:2""]","[""apply"", ""float32"", ""one_hot_encoder_""]"
1.9.0,sklearn.model_selection._search,RandomizedSearchCV,fit,sklearn.model_selection._search.RandomizedSearchCV.fit,/opt/hostedtoolcache/Python/3.12.13/x64/lib/python3.12/site-packages/sklearn/model_selection/_search.py,python-bound,medium,present,not-in-canonical-headline,not-in-canonical-headline,"[""python-control-loops:9""]","[""_check_input_parameters"", ""_check_refit_for_multimetric"", ""_checked_cv_orig"", ""_format_results"", ""_get_routed_params_for_fit"", ""_get_scorers"", ""_init_callback_context"", ""_run_search"", ""_scorers"", ""_select_best_index"", ""best_estimator_"", ""best_index_"", ""best_params_"", ""best_score_"", ""call_on_fit_task_begin"", ""call_on_fit_task_end"", ""com"", ""cv"", ""cv_results_"", ""error_score"", ""estimator"", ""extend"", ""feature_names_in_"", ""g"", ""get"", ""get_n_splits"", ""items"", ""multimetric_"", ""n_jobs"", ""n_splits_"", ""pre_dispatch"", ""propagate_callback_context"", ""refit"", ""refit_time_"", ""return_train_score"", ""scorer"", ""scorer_"", ""scoring"", ""split"", ""splitter""]"
1.9.0,sklearn.model_selection._search,RandomizedSearchCV,predict,sklearn.model_selection._search.RandomizedSearchCV.predict,/opt/hostedtoolcache/Python/3.12.13/x64/lib/python3.12/site-packages/sklearn/model_selection/_search.py,python-bound,low,present,not-in-canonical-headline,not-in-canonical-headline,"[""python entry point; no recognized native dispatch evidence""]","[""_wrap_namespace_error"", ""best_estimator_""]"
1.9.0,sklearn.model_selection._search,RandomizedSearchCV,predict_proba,sklearn.model_selection._search.RandomizedSearchCV.predict_proba,/opt/hostedtoolcache/Python/3.12.13/x64/lib/python3.12/site-packages/sklearn/model_selection/_search.py,python-bound,low,present,not-in-canonical-headline,not-in-canonical-headline,"[""python entry point; no recognized native dispatch evidence""]","[""_wrap_namespace_error"", ""best_estimator_""]"
1.9.0,sklearn.model_selection._search,RandomizedSearchCV,decision_function,sklearn.model_selection._search.RandomizedSearchCV.decision_function,/opt/hostedtoolcache/Python/3.12.13/x64/lib/python3.12/site-packages/sklearn/model_selection/_search.py,python-bound,low,present,not-in-canonical-headline,not-in-canonical-headline,"[""python entry point; no recognized native dispatch evidence""]","[""_wrap_namespace_error"", ""best_estimator_""]"
1.9.0,sklearn.model_selection._search,RandomizedSearchCV,transform,sklearn.model_selection._search.RandomizedSearchCV.transform,/opt/hostedtoolcache/Python/3.12.13/x64/lib/python3.12/site-packages/sklearn/model_selection/_search.py,python-bound,low,present,not-in-canonical-headline,not-in-canonical-headline,"[""python entry point; no recognized native dispatch evidence""]","[""_wrap_namespace_error"", ""best_estimator_""]"
1.9.0,sklearn.multioutput,RegressorChain,fit,sklearn.multioutput.RegressorChain.fit,/opt/hostedtoolcache/Python/3.12.13/x64/lib/python3.12/site-packages/sklearn/multioutput.py,python-bound,low,present,not-in-canonical-headline,not-in-canonical-headline,"[""python entry point; no recognized native dispatch evidence""]","[""base_estimator""]"
1.9.0,sklearn.multioutput,RegressorChain,predict,sklearn.multioutput.RegressorChain.predict,/opt/hostedtoolcache/Python/3.12.13/x64/lib/python3.12/site-packages/sklearn/multioutput.py,python-bound,low,present,not-in-canonical-headline,not-in-canonical-headline,"[""python entry point; no recognized native dispatch evidence""]","[""_get_predictions""]"
1.9.0,sklearn.linear_model._ridge,Ridge,fit,sklearn.linear_model._ridge.Ridge.fit,/opt/hostedtoolcache/Python/3.12.13/x64/lib/python3.12/site-packages/sklearn/linear_model/_ridge.py,python-bound,low,present,canonical-headline:diabetes,approximately equivalent,"[""python entry point; no recognized native dispatch evidence""]","[""float32"", ""float64"", ""issparse"", ""solver""]"
1.9.0,sklearn.linear_model._ridge,Ridge,predict,sklearn.linear_model._ridge.Ridge.predict,/opt/hostedtoolcache/Python/3.12.13/x64/lib/python3.12/site-packages/sklearn/linear_model/_ridge.py,python-bound,low,present,canonical-headline:diabetes,approximately equivalent,"[""python entry point; no recognized native dispatch evidence""]",[]
1.9.0,sklearn.linear_model._ridge,RidgeCV,fit,sklearn.linear_model._ridge.RidgeCV.fit,/opt/hostedtoolcache/Python/3.12.13/x64/lib/python3.12/site-packages/sklearn/linear_model/_ridge.py,python-bound,medium,present,not-in-canonical-headline,not-in-canonical-headline,"[""python-control-loops:2""]","[""set_config""]"
1.9.0,sklearn.linear_model._ridge,RidgeCV,predict,sklearn.linear_model._ridge.RidgeCV.predict,/opt/hostedtoolcache/Python/3.12.13/x64/lib/python3.12/site-packages/sklearn/linear_model/_ridge.py,python-bound,low,present,not-in-canonical-headline,not-in-canonical-headline,"[""python entry point; no recognized native dispatch evidence""]",[]
1.9.0,sklearn.linear_model._ridge,RidgeClassifier,fit,sklearn.linear_model._ridge.RidgeClassifier.fit,/opt/hostedtoolcache/Python/3.12.13/x64/lib/python3.12/site-packages/sklearn/linear_model/_ridge.py,python-bound,low,present,not-in-canonical-headline,not-in-canonical-headline,"[""python entry point; no recognized native dispatch evidence""]","[""_prepare_data"", ""solver""]"
1.9.0,sklearn.linear_model._ridge,RidgeClassifier,predict,sklearn.linear_model._ridge.RidgeClassifier.predict,/opt/hostedtoolcache/Python/3.12.13/x64/lib/python3.12/site-packages/sklearn/linear_model/_ridge.py,python-bound,medium,present,not-in-canonical-headline,not-in-canonical-headline,"[""python-control-loops:2""]","[""_label_binarizer"", ""astype"", ""decision_function"", ""dtype"", ""startswith""]"
1.9.0,sklearn.linear_model._ridge,RidgeClassifier,decision_function,sklearn.linear_model._ridge.RidgeClassifier.decision_function,/opt/hostedtoolcache/Python/3.12.13/x64/lib/python3.12/site-packages/sklearn/linear_model/_base.py,python-bound,medium,present,not-in-canonical-headline,not-in-canonical-headline,"[""python-control-loops:4""]","[""classes_"", ""coef_"", ""intercept_"", ""ndim"", ""reshape"", ""shape""]"
1.9.0,sklearn.linear_model._ridge,RidgeClassifierCV,fit,sklearn.linear_model._ridge.RidgeClassifierCV.fit,/opt/hostedtoolcache/Python/3.12.13/x64/lib/python3.12/site-packages/sklearn/linear_model/_ridge.py,python-bound,medium,present,not-in-canonical-headline,not-in-canonical-headline,"[""python-control-loops:2""]","[""_prepare_data"", ""cv"", ""set_config""]"
1.9.0,sklearn.linear_model._ridge,RidgeClassifierCV,predict,sklearn.linear_model._ridge.RidgeClassifierCV.predict,/opt/hostedtoolcache/Python/3.12.13/x64/lib/python3.12/site-packages/sklearn/linear_model/_ridge.py,python-bound,medium,present,not-in-canonical-headline,not-in-canonical-headline,"[""python-control-loops:2""]","[""_label_binarizer"", ""astype"", ""decision_function"", ""dtype"", ""startswith""]"
1.9.0,sklearn.linear_model._ridge,RidgeClassifierCV,decision_function,sklearn.linear_model._ridge.RidgeClassifierCV.decision_function,/opt/hostedtoolcache/Python/3.12.13/x64/lib/python3.12/site-packages/sklearn/linear_model/_base.py,python-bound,medium,present,not-in-canonical-headline,not-in-canonical-headline,"[""python-control-loops:4""]","[""classes_"", ""coef_"", ""intercept_"", ""ndim"", ""reshape"", ""shape""]"
1.9.0,sklearn.preprocessing._data,RobustScaler,fit,sklearn.preprocessing._data.RobustScaler.fit,/opt/hostedtoolcache/Python/3.12.13/x64/lib/python3.12/site-packages/sklearn/preprocessing/_data.py,mixed,medium,present,not-in-canonical-headline,not-in-canonical-headline,"[""numpy-bound:np."", ""python-control-loops:6""]","[""append"", ""center_"", ""data"", ""dtype"", ""indptr"", ""issparse"", ""nanmedian"", ""nanpercentile"", ""norm"", ""quantile_range"", ""scale_"", ""shape"", ""transpose"", ""unit_variance"", ""with_centering"", ""with_scaling"", ""zeros""]"
1.9.0,sklearn.preprocessing._data,RobustScaler,transform,sklearn.preprocessing._data.RobustScaler.transform,/opt/hostedtoolcache/Python/3.12.13/x64/lib/python3.12/site-packages/sklearn/preprocessing/_data.py,python-bound,low,present,not-in-canonical-headline,not-in-canonical-headline,"[""python entry point; no recognized native dispatch evidence""]","[""center_"", ""copy"", ""issparse"", ""scale_"", ""with_centering"", ""with_scaling""]"
1.9.0,sklearn.linear_model._stochastic_gradient,SGDClassifier,fit,sklearn.linear_model._stochastic_gradient.SGDClassifier.fit,/opt/hostedtoolcache/Python/3.12.13/x64/lib/python3.12/site-packages/sklearn/linear_model/_stochastic_gradient.py,python-bound,low,present,not-in-canonical-headline,not-in-canonical-headline,"[""python entry point; no recognized native dispatch evidence""]","[""_fit"", ""_more_validate_params"", ""alpha"", ""learning_rate"", ""loss""]"
1.9.0,sklearn.linear_model._stochastic_gradient,SGDClassifier,predict,sklearn.linear_model._stochastic_gradient.SGDClassifier.predict,/opt/hostedtoolcache/Python/3.12.13/x64/lib/python3.12/site-packages/sklearn/linear_model/_base.py,python-bound,medium,present,not-in-canonical-headline,not-in-canonical-headline,"[""python-control-loops:3""]","[""argmax"", ""astype"", ""classes_"", ""decision_function"", ""shape"", ""take""]"
1.9.0,sklearn.linear_model._stochastic_gradient,SGDClassifier,predict_proba,sklearn.linear_model._stochastic_gradient.SGDClassifier.predict_proba,/opt/hostedtoolcache/Python/3.12.13/x64/lib/python3.12/site-packages/sklearn/linear_model/_stochastic_gradient.py,mixed,medium,present,not-in-canonical-headline,not-in-canonical-headline,"[""cython-bound:_loss"", ""numpy-bound:np."", ""python-control-loops:5""]","[""_predict_proba_lr"", ""acm"", ""any"", ""calibration"", ""classes_"", ""clip"", ""csail"", ""decision_function"", ""edu"", ""loss"", ""ones"", ""pdf"", ""reshape"", ""shape"", ""sum""]"
1.9.0,sklearn.linear_model._stochastic_gradient,SGDClassifier,decision_function,sklearn.linear_model._stochastic_gradient.SGDClassifier.decision_function,/opt/hostedtoolcache/Python/3.12.13/x64/lib/python3.12/site-packages/sklearn/linear_model/_base.py,python-bound,medium,present,not-in-canonical-headline,not-in-canonical-headline,"[""python-control-loops:4""]","[""classes_"", ""coef_"", ""intercept_"", ""ndim"", ""reshape"", ""shape""]"
1.9.0,sklearn.linear_model._stochastic_gradient,SGDOneClassSVM,fit,sklearn.linear_model._stochastic_gradient.SGDOneClassSVM.fit,/opt/hostedtoolcache/Python/3.12.13/x64/lib/python3.12/site-packages/sklearn/linear_model/_stochastic_gradient.py,python-bound,low,present,not-in-canonical-headline,not-in-canonical-headline,"[""python entry point; no recognized native dispatch evidence""]","[""_fit"", ""_more_validate_params"", ""learning_rate"", ""loss"", ""nu""]"
1.9.0,sklearn.linear_model._stochastic_gradient,SGDOneClassSVM,predict,sklearn.linear_model._stochastic_gradient.SGDOneClassSVM.predict,/opt/hostedtoolcache/Python/3.12.13/x64/lib/python3.12/site-packages/sklearn/linear_model/_stochastic_gradient.py,numpy-bound,medium,present,not-in-canonical-headline,not-in-canonical-headline,"[""numpy-bound:np.""]","[""decision_function"", ""int32""]"
1.9.0,sklearn.linear_model._stochastic_gradient,SGDOneClassSVM,decision_function,sklearn.linear_model._stochastic_gradient.SGDOneClassSVM.decision_function,/opt/hostedtoolcache/Python/3.12.13/x64/lib/python3.12/site-packages/sklearn/linear_model/_stochastic_gradient.py,python-bound,medium,present,not-in-canonical-headline,not-in-canonical-headline,"[""python-control-loops:2""]","[""coef_"", ""offset_"", ""ravel""]"
1.9.0,sklearn.linear_model._stochastic_gradient,SGDRegressor,fit,sklearn.linear_model._stochastic_gradient.SGDRegressor.fit,/opt/hostedtoolcache/Python/3.12.13/x64/lib/python3.12/site-packages/sklearn/linear_model/_stochastic_gradient.py,python-bound,low,present,not-in-canonical-headline,not-in-canonical-headline,"[""python entry point; no recognized native dispatch evidence""]","[""_fit"", ""_more_validate_params"", ""alpha"", ""learning_rate"", ""loss""]"
1.9.0,sklearn.linear_model._stochastic_gradient,SGDRegressor,predict,sklearn.linear_model._stochastic_gradient.SGDRegressor.predict,/opt/hostedtoolcache/Python/3.12.13/x64/lib/python3.12/site-packages/sklearn/linear_model/_stochastic_gradient.py,python-bound,low,present,not-in-canonical-headline,not-in-canonical-headline,"[""python entry point; no recognized native dispatch evidence""]","[""_decision_function""]"
1.9.0,sklearn.svm._classes,SVC,fit,sklearn.svm._classes.SVC.fit,/opt/hostedtoolcache/Python/3.12.13/x64/lib/python3.12/site-packages/sklearn/svm/_base.py,external-native-bound,medium,present,"canonical-headline:digits,iris",approximately equivalent,"[""external-native-bound:libsvm"", ""numpy-bound:np.""]","[""_dense_fit"", ""_dual_coef_"", ""_effective_probability"", ""_gamma"", ""_impl"", ""_intercept_"", ""_num_iter"", ""_sparse"", ""_sparse_fit"", ""_validate_targets"", ""asarray"", ""classes_"", ""dual_coef_"", ""float64"", ""gamma"", ""iinfo"", ""index"", ""intercept_"", ""isfinite"", ""issparse"", ""kernel"", ""mean"", ""multiply"", ""n_iter_"", ""probability"", ""randint"", ""random_state"", ""shape"", ""shape_fit_"", ""var"", ""verbose"", ""warn""]"
1.9.0,sklearn.svm._classes,SVC,predict,sklearn.svm._classes.SVC.predict,/opt/hostedtoolcache/Python/3.12.13/x64/lib/python3.12/site-packages/sklearn/svm/_base.py,numpy-bound,medium,present,"canonical-headline:digits,iris",approximately equivalent,"[""numpy-bound:np.""]","[""argmax"", ""asarray"", ""break_ties"", ""classes_"", ""decision_function"", ""decision_function_shape"", ""intp""]"
1.9.0,sklearn.svm._classes,SVC,predict_proba,sklearn.svm._classes.SVC.predict_proba,/opt/hostedtoolcache/Python/3.12.13/x64/lib/python3.12/site-packages/sklearn/svm/_base.py,python-bound,medium,present,"canonical-headline:digits,iris",approximately equivalent,"[""python-control-loops:2""]","[""_dense_predict_proba"", ""_probA"", ""_probB"", ""_sparse"", ""_sparse_predict_proba"", ""_validate_for_predict""]"
1.9.0,sklearn.svm._classes,SVC,decision_function,sklearn.svm._classes.SVC.decision_function,/opt/hostedtoolcache/Python/3.12.13/x64/lib/python3.12/site-packages/sklearn/svm/_base.py,python-bound,medium,present,"canonical-headline:digits,iris",approximately equivalent,"[""python-control-loops:3""]","[""_decision_function"", ""classes_"", ""decision_function_shape"", ""stackexchange""]"
1.9.0,sklearn.svm._classes,SVR,fit,sklearn.svm._classes.SVR.fit,/opt/hostedtoolcache/Python/3.12.13/x64/lib/python3.12/site-packages/sklearn/svm/_base.py,external-native-bound,medium,present,not-in-canonical-headline,not-in-canonical-headline,"[""external-native-bound:libsvm"", ""numpy-bound:np.""]","[""_dense_fit"", ""_dual_coef_"", ""_effective_probability"", ""_gamma"", ""_impl"", ""_intercept_"", ""_num_iter"", ""_sparse"", ""_sparse_fit"", ""_validate_targets"", ""asarray"", ""classes_"", ""dual_coef_"", ""float64"", ""gamma"", ""iinfo"", ""index"", ""intercept_"", ""isfinite"", ""issparse"", ""kernel"", ""mean"", ""multiply"", ""n_iter_"", ""probability"", ""randint"", ""random_state"", ""shape"", ""shape_fit_"", ""var"", ""verbose"", ""warn""]"
1.9.0,sklearn.svm._classes,SVR,predict,sklearn.svm._classes.SVR.predict,/opt/hostedtoolcache/Python/3.12.13/x64/lib/python3.12/site-packages/sklearn/svm/_base.py,python-bound,low,present,not-in-canonical-headline,not-in-canonical-headline,"[""python entry point; no recognized native dispatch evidence""]","[""_dense_predict"", ""_sparse"", ""_sparse_predict"", ""_validate_for_predict""]"
1.9.0,sklearn.feature_selection._univariate_selection,SelectFdr,fit,sklearn.feature_selection._univariate_selection.SelectFdr.fit,/opt/hostedtoolcache/Python/3.12.13/x64/lib/python3.12/site-packages/sklearn/feature_selection/_univariate_selection.py,numpy-bound,medium,present,not-in-canonical-headline,not-in-canonical-headline,"[""numpy-bound:np.""]","[""_check_params"", ""asarray"", ""pvalues_"", ""score_func"", ""scores_""]"
1.9.0,sklearn.feature_selection._univariate_selection,SelectFdr,transform,sklearn.feature_selection._univariate_selection.SelectFdr.transform,/opt/hostedtoolcache/Python/3.12.13/x64/lib/python3.12/site-packages/sklearn/feature_selection/_base.py,python-bound,low,present,not-in-canonical-headline,not-in-canonical-headline,"[""python entry point; no recognized native dispatch evidence""]","[""_transform"", ""allow_nan""]"
1.9.0,sklearn.feature_selection._univariate_selection,SelectFpr,fit,sklearn.feature_selection._univariate_selection.SelectFpr.fit,/opt/hostedtoolcache/Python/3.12.13/x64/lib/python3.12/site-packages/sklearn/feature_selection/_univariate_selection.py,numpy-bound,medium,present,not-in-canonical-headline,not-in-canonical-headline,"[""numpy-bound:np.""]","[""_check_params"", ""asarray"", ""pvalues_"", ""score_func"", ""scores_""]"
1.9.0,sklearn.feature_selection._univariate_selection,SelectFpr,transform,sklearn.feature_selection._univariate_selection.SelectFpr.transform,/opt/hostedtoolcache/Python/3.12.13/x64/lib/python3.12/site-packages/sklearn/feature_selection/_base.py,python-bound,low,present,not-in-canonical-headline,not-in-canonical-headline,"[""python entry point; no recognized native dispatch evidence""]","[""_transform"", ""allow_nan""]"
1.9.0,sklearn.feature_selection._from_model,SelectFromModel,fit,sklearn.feature_selection._from_model.SelectFromModel.fit,/opt/hostedtoolcache/Python/3.12.13/x64/lib/python3.12/site-packages/sklearn/feature_selection/_from_model.py,python-bound,low,present,not-in-canonical-headline,not-in-canonical-headline,"[""python entry point; no recognized native dispatch evidence""]","[""_check_max_features"", ""estimator"", ""estimator_"", ""feature_names_in_"", ""prefit""]"
1.9.0,sklearn.feature_selection._from_model,SelectFromModel,transform,sklearn.feature_selection._from_model.SelectFromModel.transform,/opt/hostedtoolcache/Python/3.12.13/x64/lib/python3.12/site-packages/sklearn/feature_selection/_base.py,python-bound,low,present,not-in-canonical-headline,not-in-canonical-headline,"[""python entry point; no recognized native dispatch evidence""]","[""_transform"", ""allow_nan""]"
1.9.0,sklearn.feature_selection._univariate_selection,SelectFwe,fit,sklearn.feature_selection._univariate_selection.SelectFwe.fit,/opt/hostedtoolcache/Python/3.12.13/x64/lib/python3.12/site-packages/sklearn/feature_selection/_univariate_selection.py,numpy-bound,medium,present,not-in-canonical-headline,not-in-canonical-headline,"[""numpy-bound:np.""]","[""_check_params"", ""asarray"", ""pvalues_"", ""score_func"", ""scores_""]"
1.9.0,sklearn.feature_selection._univariate_selection,SelectFwe,transform,sklearn.feature_selection._univariate_selection.SelectFwe.transform,/opt/hostedtoolcache/Python/3.12.13/x64/lib/python3.12/site-packages/sklearn/feature_selection/_base.py,python-bound,low,present,not-in-canonical-headline,not-in-canonical-headline,"[""python entry point; no recognized native dispatch evidence""]","[""_transform"", ""allow_nan""]"
1.9.0,sklearn.feature_selection._univariate_selection,SelectKBest,fit,sklearn.feature_selection._univariate_selection.SelectKBest.fit,/opt/hostedtoolcache/Python/3.12.13/x64/lib/python3.12/site-packages/sklearn/feature_selection/_univariate_selection.py,numpy-bound,medium,present,not-in-canonical-headline,not-in-canonical-headline,"[""numpy-bound:np.""]","[""_check_params"", ""asarray"", ""pvalues_"", ""score_func"", ""scores_""]"
1.9.0,sklearn.feature_selection._univariate_selection,SelectKBest,transform,sklearn.feature_selection._univariate_selection.SelectKBest.transform,/opt/hostedtoolcache/Python/3.12.13/x64/lib/python3.12/site-packages/sklearn/feature_selection/_base.py,python-bound,low,present,not-in-canonical-headline,not-in-canonical-headline,"[""python entry point; no recognized native dispatch evidence""]","[""_transform"", ""allow_nan""]"
1.9.0,sklearn.feature_selection._univariate_selection,SelectPercentile,fit,sklearn.feature_selection._univariate_selection.SelectPercentile.fit,/opt/hostedtoolcache/Python/3.12.13/x64/lib/python3.12/site-packages/sklearn/feature_selection/_univariate_selection.py,numpy-bound,medium,present,not-in-canonical-headline,not-in-canonical-headline,"[""numpy-bound:np.""]","[""_check_params"", ""asarray"", ""pvalues_"", ""score_func"", ""scores_""]"
1.9.0,sklearn.feature_selection._univariate_selection,SelectPercentile,transform,sklearn.feature_selection._univariate_selection.SelectPercentile.transform,/opt/hostedtoolcache/Python/3.12.13/x64/lib/python3.12/site-packages/sklearn/feature_selection/_base.py,python-bound,low,present,not-in-canonical-headline,not-in-canonical-headline,"[""python entry point; no recognized native dispatch evidence""]","[""_transform"", ""allow_nan""]"
1.9.0,sklearn.semi_supervised._self_training,SelfTrainingClassifier,fit,sklearn.semi_supervised._self_training.SelfTrainingClassifier.fit,/opt/hostedtoolcache/Python/3.12.13/x64/lib/python3.12/site-packages/sklearn/semi_supervised/_self_training.py,mixed,medium,present,not-in-canonical-headline,not-in-canonical-headline,"[""numpy-bound:np."", ""python-control-loops:4""]","[""_get_estimator"", ""all"", ""argmax"", ""argpartition"", ""classes_"", ""copy"", ""criterion"", ""dtype"", ""estimator"", ""estimator_"", ""full_like"", ""k_best"", ""labeled_iter_"", ""max"", ""max_iter"", ""n_iter_"", ""nonzero"", ""ones_like"", ""set_config"", ""shape"", ""sum"", ""termination_condition_"", ""threshold"", ""transduction_"", ""verbose"", ""warn""]"
1.9.0,sklearn.semi_supervised._self_training,SelfTrainingClassifier,predict,sklearn.semi_supervised._self_training.SelfTrainingClassifier.predict,/opt/hostedtoolcache/Python/3.12.13/x64/lib/python3.12/site-packages/sklearn/semi_supervised/_self_training.py,python-bound,low,present,not-in-canonical-headline,not-in-canonical-headline,"[""python entry point; no recognized native dispatch evidence""]","[""estimator"", ""estimator_"", ""set_config""]"
1.9.0,sklearn.semi_supervised._self_training,SelfTrainingClassifier,predict_proba,sklearn.semi_supervised._self_training.SelfTrainingClassifier.predict_proba,/opt/hostedtoolcache/Python/3.12.13/x64/lib/python3.12/site-packages/sklearn/semi_supervised/_self_training.py,python-bound,medium,present,not-in-canonical-headline,not-in-canonical-headline,"[""python-control-loops:2""]","[""estimator"", ""estimator_"", ""set_config""]"
1.9.0,sklearn.semi_supervised._self_training,SelfTrainingClassifier,decision_function,sklearn.semi_supervised._self_training.SelfTrainingClassifier.decision_function,/opt/hostedtoolcache/Python/3.12.13/x64/lib/python3.12/site-packages/sklearn/semi_supervised/_self_training.py,python-bound,low,present,not-in-canonical-headline,not-in-canonical-headline,"[""python entry point; no recognized native dispatch evidence""]","[""estimator"", ""estimator_"", ""set_config""]"
1.9.0,sklearn.feature_selection._sequential,SequentialFeatureSelector,fit,sklearn.feature_selection._sequential.SequentialFeatureSelector.fit,/opt/hostedtoolcache/Python/3.12.13/x64/lib/python3.12/site-packages/sklearn/feature_selection/_sequential.py,mixed,medium,present,not-in-canonical-headline,not-in-canonical-headline,"[""numpy-bound:np."", ""python-control-loops:3""]","[""__sklearn_tags__"", ""_get_best_new_feature_score"", ""cv"", ""direction"", ""estimator"", ""inf"", ""input_tags"", ""n_features_to_select"", ""n_features_to_select_"", ""set_config"", ""shape"", ""sum"", ""support_"", ""tol"", ""zeros""]"
1.9.0,sklearn.feature_selection._sequential,SequentialFeatureSelector,transform,sklearn.feature_selection._sequential.SequentialFeatureSelector.transform,/opt/hostedtoolcache/Python/3.12.13/x64/lib/python3.12/site-packages/sklearn/feature_selection/_base.py,python-bound,low,present,not-in-canonical-headline,not-in-canonical-headline,"[""python entry point; no recognized native dispatch evidence""]","[""_transform"", ""allow_nan""]"
1.9.0,sklearn.covariance._shrunk_covariance,ShrunkCovariance,fit,sklearn.covariance._shrunk_covariance.ShrunkCovariance.fit,/opt/hostedtoolcache/Python/3.12.13/x64/lib/python3.12/site-packages/sklearn/covariance/_shrunk_covariance.py,numpy-bound,medium,present,not-in-canonical-headline,not-in-canonical-headline,"[""numpy-bound:np.""]","[""_set_covariance"", ""assume_centered"", ""location_"", ""mean"", ""shape"", ""shrinkage"", ""zeros""]"
1.9.0,sklearn.impute._base,SimpleImputer,fit,sklearn.impute._base.SimpleImputer.fit,/opt/hostedtoolcache/Python/3.12.13/x64/lib/python3.12/site-packages/sklearn/impute/_base.py,python-bound,medium,present,not-in-canonical-headline,not-in-canonical-headline,"[""python-control-loops:2""]","[""_dense_fit"", ""_fill_dtype"", ""_sparse_fit"", ""_validate_input"", ""dtype"", ""fill_value"", ""issparse"", ""missing_values"", ""statistics_"", ""strategy""]"
1.9.0,sklearn.impute._base,SimpleImputer,transform,sklearn.impute._base.SimpleImputer.transform,/opt/hostedtoolcache/Python/3.12.13/x64/lib/python3.12/site-packages/sklearn/impute/_base.py,mixed,medium,present,not-in-canonical-headline,not-in-canonical-headline,"[""numpy-bound:np."", ""python-control-loops:2""]","[""_fill_dtype"", ""_validate_input"", ""any"", ""arange"", ""astype"", ""data"", ""diff"", ""feature_names_in_"", ""flatnonzero"", ""indptr"", ""isnan"", ""issparse"", ""keep_empty_features"", ""logical_not"", ""missing_values"", ""nan"", ""repeat"", ""shape"", ""statistics_"", ""strategy"", ""sum"", ""transpose"", ""warn"", ""where""]"
1.9.0,sklearn.kernel_approximation,SkewedChi2Sampler,fit,sklearn.kernel_approximation.SkewedChi2Sampler.fit,/opt/hostedtoolcache/Python/3.12.13/x64/lib/python3.12/site-packages/sklearn/kernel_approximation.py,numpy-bound,medium,present,not-in-canonical-headline,not-in-canonical-headline,"[""numpy-bound:np.""]","[""_n_features_out"", ""dtype"", ""float32"", ""log"", ""n_components"", ""pi"", ""random_offset_"", ""random_state"", ""random_weights_"", ""shape"", ""tan"", ""uniform""]"
1.9.0,sklearn.kernel_approximation,SkewedChi2Sampler,transform,sklearn.kernel_approximation.SkewedChi2Sampler.transform,/opt/hostedtoolcache/Python/3.12.13/x64/lib/python3.12/site-packages/sklearn/kernel_approximation.py,numpy-bound,medium,present,not-in-canonical-headline,not-in-canonical-headline,"[""numpy-bound:np.""]","[""cos"", ""float32"", ""float64"", ""log"", ""n_components"", ""random_offset_"", ""random_weights_"", ""skewedness"", ""sqrt""]"
1.9.0,sklearn.decomposition._dict_learning,SparseCoder,fit,sklearn.decomposition._dict_learning.SparseCoder.fit,/opt/hostedtoolcache/Python/3.12.13/x64/lib/python3.12/site-packages/sklearn/decomposition/_dict_learning.py,python-bound,medium,present,not-in-canonical-headline,not-in-canonical-headline,"[""python-control-loops:2""]","[""dictionary"", ""n_components_"", ""shape""]"
1.9.0,sklearn.decomposition._dict_learning,SparseCoder,transform,sklearn.decomposition._dict_learning.SparseCoder.transform,/opt/hostedtoolcache/Python/3.12.13/x64/lib/python3.12/site-packages/sklearn/decomposition/_dict_learning.py,python-bound,low,present,not-in-canonical-headline,not-in-canonical-headline,"[""python entry point; no recognized native dispatch evidence""]","[""dictionary""]"
1.9.0,sklearn.decomposition._sparse_pca,SparsePCA,fit,sklearn.decomposition._sparse_pca.SparsePCA.fit,/opt/hostedtoolcache/Python/3.12.13/x64/lib/python3.12/site-packages/sklearn/decomposition/_sparse_pca.py,python-bound,low,present,not-in-canonical-headline,not-in-canonical-headline,"[""python entry point; no recognized native dispatch evidence""]","[""_fit"", ""mean"", ""mean_"", ""n_components"", ""random_state"", ""shape""]"
1.9.0,sklearn.decomposition._sparse_pca,SparsePCA,transform,sklearn.decomposition._sparse_pca.SparsePCA.transform,/opt/hostedtoolcache/Python/3.12.13/x64/lib/python3.12/site-packages/sklearn/decomposition/_sparse_pca.py,blas-lapack-bound,medium,present,not-in-canonical-headline,not-in-canonical-headline,"[""blas-lapack-bound:cholesky""]","[""T"", ""components_"", ""mean_"", ""ridge_alpha""]"
1.9.0,sklearn.random_projection,SparseRandomProjection,fit,sklearn.random_projection.SparseRandomProjection.fit,/opt/hostedtoolcache/Python/3.12.13/x64/lib/python3.12/site-packages/sklearn/random_projection.py,numpy-bound,medium,present,not-in-canonical-headline,not-in-canonical-headline,"[""numpy-bound:np.""]","[""_compute_inverse_components"", ""_make_random_matrix"", ""_n_features_out"", ""components_"", ""compute_inverse_components"", ""dtype"", ""eps"", ""float32"", ""float64"", ""get_feature_names_out"", ""inverse_components_"", ""n_components"", ""n_components_"", ""shape"", ""warn""]"
1.9.0,sklearn.random_projection,SparseRandomProjection,transform,sklearn.random_projection.SparseRandomProjection.transform,/opt/hostedtoolcache/Python/3.12.13/x64/lib/python3.12/site-packages/sklearn/random_projection.py,numpy-bound,medium,present,not-in-canonical-headline,not-in-canonical-headline,"[""numpy-bound:np.""]","[""components_"", ""dense_output"", ""float32"", ""float64""]"
1.9.0,sklearn.cluster._bicluster,SpectralBiclustering,fit,sklearn.cluster._bicluster.SpectralBiclustering.fit,/opt/hostedtoolcache/Python/3.12.13/x64/lib/python3.12/site-packages/sklearn/cluster/_bicluster.py,mixed,medium,present,not-in-canonical-headline,not-in-canonical-headline,"[""numpy-bound:np."", ""python-control-loops:2""]","[""_check_parameters"", ""_fit"", ""float64"", ""shape""]"
1.9.0,sklearn.cluster._spectral,SpectralClustering,fit,sklearn.cluster._spectral.SpectralClustering.fit,/opt/hostedtoolcache/Python/3.12.13/x64/lib/python3.12/site-packages/sklearn/cluster/_spectral.py,mixed,medium,present,not-in-canonical-headline,not-in-canonical-headline,"[""numpy-bound:np."", ""python-control-loops:3""]","[""T"", ""affinity"", ""affinity_matrix_"", ""assign_labels"", ""coef0"", ""degree"", ""eigen_solver"", ""eigen_tol"", ""float64"", ""gamma"", ""kernel_params"", ""kneighbors_graph"", ""labels_"", ""n_clusters"", ""n_components"", ""n_init"", ""n_jobs"", ""n_neighbors"", ""random_state"", ""shape"", ""verbose"", ""warn""]"
1.9.0,sklearn.cluster._bicluster,SpectralCoclustering,fit,sklearn.cluster._bicluster.SpectralCoclustering.fit,/opt/hostedtoolcache/Python/3.12.13/x64/lib/python3.12/site-packages/sklearn/cluster/_bicluster.py,mixed,medium,present,not-in-canonical-headline,not-in-canonical-headline,"[""numpy-bound:np."", ""python-control-loops:2""]","[""_check_parameters"", ""_fit"", ""float64"", ""shape""]"
1.9.0,sklearn.manifold._spectral_embedding,SpectralEmbedding,fit,sklearn.manifold._spectral_embedding.SpectralEmbedding.fit,/opt/hostedtoolcache/Python/3.12.13/x64/lib/python3.12/site-packages/sklearn/manifold/_spectral_embedding.py,python-bound,low,present,not-in-canonical-headline,not-in-canonical-headline,"[""python entry point; no recognized native dispatch evidence""]","[""_get_affinity_matrix"", ""eigen_solver"", ""eigen_tol"", ""embedding_"", ""n_components"", ""random_state""]"
1.9.0,sklearn.preprocessing._polynomial,SplineTransformer,fit,sklearn.preprocessing._polynomial.SplineTransformer.fit,/opt/hostedtoolcache/Python/3.12.13/x64/lib/python3.12/site-packages/sklearn/preprocessing/_polynomial.py,mixed,medium,present,not-in-canonical-headline,not-in-canonical-headline,"[""numpy-bound:np."", ""python-control-loops:4""]","[""_get_base_knot_positions"", ""all"", ""bsplines_"", ""concatenate"", ""construct_fast"", ""degree"", ""diff"", ""dtype"", ""e"", ""extrapolation"", ""eye"", ""float64"", ""handle_missing"", ""include_bias"", ""knots"", ""linspace"", ""max"", ""min"", ""n_features_out_"", ""n_knots"", ""org"", ""r_"", ""shape"", ""tile""]"
1.9.0,sklearn.preprocessing._polynomial,SplineTransformer,transform,sklearn.preprocessing._polynomial.SplineTransformer.transform,/opt/hostedtoolcache/Python/3.12.13/x64/lib/python3.12/site-packages/sklearn/preprocessing/_polynomial.py,mixed,medium,present,not-in-canonical-headline,not-in-canonical-headline,"[""scipy-bound:scipy."", ""numpy-bound:np."", ""python-control-loops:8""]","[""SparseEfficiencyWarning"", ""any"", ""append"", ""bsplines_"", ""copy"", ""data"", ""degree"", ""design_matrix"", ""dtype"", ""extrapolation"", ""flatnonzero"", ""float64"", ""handle_missing"", ""hstack"", ""include_bias"", ""isnan"", ""k"", ""n_features_out_"", ""nan"", ""nanmin"", ""order"", ""shape"", ""size"", ""sparse"", ""sparse_output"", ""t"", ""tocsr"", ""tolil"", ""zeros"", ""zeros_like""]"
1.9.0,sklearn.ensemble._stacking,StackingClassifier,fit,sklearn.ensemble._stacking.StackingClassifier.fit,/opt/hostedtoolcache/Python/3.12.13/x64/lib/python3.12/site-packages/sklearn/ensemble/_stacking.py,mixed,medium,present,not-in-canonical-headline,not-in-canonical-headline,"[""numpy-bound:np."", ""python-control-loops:5""]","[""T"", ""_label_encoder"", ""array"", ""classes_"", ""g"", ""set_config""]"
1.9.0,sklearn.ensemble._stacking,StackingClassifier,predict,sklearn.ensemble._stacking.StackingClassifier.predict,/opt/hostedtoolcache/Python/3.12.13/x64/lib/python3.12/site-packages/sklearn/ensemble/_stacking.py,mixed,medium,present,not-in-canonical-headline,not-in-canonical-headline,"[""numpy-bound:np."", ""python-control-loops:4""]","[""T"", ""_label_encoder"", ""array"", ""final_estimator_""]"
1.9.0,sklearn.ensemble._stacking,StackingClassifier,predict_proba,sklearn.ensemble._stacking.StackingClassifier.predict_proba,/opt/hostedtoolcache/Python/3.12.13/x64/lib/python3.12/site-packages/sklearn/ensemble/_stacking.py,mixed,medium,present,not-in-canonical-headline,not-in-canonical-headline,"[""numpy-bound:np."", ""python-control-loops:2""]","[""_label_encoder"", ""array"", ""final_estimator_"", ""transform""]"
1.9.0,sklearn.ensemble._stacking,StackingClassifier,decision_function,sklearn.ensemble._stacking.StackingClassifier.decision_function,/opt/hostedtoolcache/Python/3.12.13/x64/lib/python3.12/site-packages/sklearn/ensemble/_stacking.py,python-bound,low,present,not-in-canonical-headline,not-in-canonical-headline,"[""python entry point; no recognized native dispatch evidence""]","[""final_estimator_"", ""transform""]"
1.9.0,sklearn.ensemble._stacking,StackingClassifier,transform,sklearn.ensemble._stacking.StackingClassifier.transform,/opt/hostedtoolcache/Python/3.12.13/x64/lib/python3.12/site-packages/sklearn/ensemble/_stacking.py,python-bound,medium,present,not-in-canonical-headline,not-in-canonical-headline,"[""python-control-loops:3""]","[""_transform""]"
1.9.0,sklearn.ensemble._stacking,StackingRegressor,fit,sklearn.ensemble._stacking.StackingRegressor.fit,/opt/hostedtoolcache/Python/3.12.13/x64/lib/python3.12/site-packages/sklearn/ensemble/_stacking.py,python-bound,low,present,not-in-canonical-headline,not-in-canonical-headline,"[""python entry point; no recognized native dispatch evidence""]","[""set_config""]"
1.9.0,sklearn.ensemble._stacking,StackingRegressor,predict,sklearn.ensemble._stacking.StackingRegressor.predict,/opt/hostedtoolcache/Python/3.12.13/x64/lib/python3.12/site-packages/sklearn/ensemble/_stacking.py,python-bound,medium,present,not-in-canonical-headline,not-in-canonical-headline,"[""python-control-loops:3""]","[""final_estimator_""]"
1.9.0,sklearn.ensemble._stacking,StackingRegressor,transform,sklearn.ensemble._stacking.StackingRegressor.transform,/opt/hostedtoolcache/Python/3.12.13/x64/lib/python3.12/site-packages/sklearn/ensemble/_stacking.py,python-bound,medium,present,not-in-canonical-headline,not-in-canonical-headline,"[""python-control-loops:3""]","[""_transform""]"
1.9.0,sklearn.preprocessing._data,StandardScaler,fit,sklearn.preprocessing._data.StandardScaler.fit,/opt/hostedtoolcache/Python/3.12.13/x64/lib/python3.12/site-packages/sklearn/preprocessing/_data.py,python-bound,medium,present,not-in-canonical-headline,not-in-canonical-headline,"[""python-control-loops:3""]","[""_reset"", ""partial_fit""]"
1.9.0,sklearn.preprocessing._data,StandardScaler,transform,sklearn.preprocessing._data.StandardScaler.transform,/opt/hostedtoolcache/Python/3.12.13/x64/lib/python3.12/site-packages/sklearn/preprocessing/_data.py,python-bound,low,present,not-in-canonical-headline,not-in-canonical-headline,"[""python entry point; no recognized native dispatch evidence""]","[""astype"", ""copy"", ""dtype"", ""issparse"", ""mean_"", ""scale_"", ""with_mean"", ""with_std""]"
1.9.0,sklearn.manifold._t_sne,TSNE,fit,sklearn.manifold._t_sne.TSNE.fit,/opt/hostedtoolcache/Python/3.12.13/x64/lib/python3.12/site-packages/sklearn/manifold/_t_sne.py,python-bound,low,present,not-in-canonical-headline,not-in-canonical-headline,"[""python entry point; no recognized native dispatch evidence""]","[""fit_transform"", ""metric""]"
1.9.0,sklearn.preprocessing._target_encoder,TargetEncoder,fit,sklearn.preprocessing._target_encoder.TargetEncoder.fit,/opt/hostedtoolcache/Python/3.12.13/x64/lib/python3.12/site-packages/sklearn/preprocessing/_target_encoder.py,python-bound,medium,present,not-in-canonical-headline,not-in-canonical-headline,"[""python-control-loops:2""]","[""_fit_encodings_all""]"
1.9.0,sklearn.preprocessing._target_encoder,TargetEncoder,transform,sklearn.preprocessing._target_encoder.TargetEncoder.transform,/opt/hostedtoolcache/Python/3.12.13/x64/lib/python3.12/site-packages/sklearn/preprocessing/_target_encoder.py,mixed,medium,present,not-in-canonical-headline,not-in-canonical-headline,"[""numpy-bound:np."", ""python-control-loops:2""]","[""_transform"", ""_transform_X_ordinal"", ""classes_"", ""empty"", ""empty_like"", ""encodings_"", ""fit_transform"", ""float64"", ""shape"", ""target_mean_"", ""target_type_""]"
1.9.0,sklearn.feature_extraction.text,TfidfTransformer,fit,sklearn.feature_extraction.text.TfidfTransformer.fit,/opt/hostedtoolcache/Python/3.12.13/x64/lib/python3.12/site-packages/sklearn/feature_extraction/text.py,mixed,medium,not-found-by-name,not-in-canonical-headline,not-in-canonical-headline,"[""numpy-bound:np."", ""python-control-loops:2""]","[""astype"", ""bincount"", ""csr_array"", ""dtype"", ""float32"", ""float64"", ""full_like"", ""idf_"", ""issparse"", ""log"", ""shape"", ""smooth_idf"", ""use_idf""]"
1.9.0,sklearn.feature_extraction.text,TfidfTransformer,transform,sklearn.feature_extraction.text.TfidfTransformer.transform,/opt/hostedtoolcache/Python/3.12.13/x64/lib/python3.12/site-packages/sklearn/feature_extraction/text.py,numpy-bound,medium,not-found-by-name,not-in-canonical-headline,not-in-canonical-headline,"[""numpy-bound:np.""]","[""csr_array"", ""data"", ""dtype"", ""float32"", ""float64"", ""idf_"", ""indices"", ""issparse"", ""log"", ""norm"", ""sublinear_tf""]"
1.9.0,sklearn.feature_extraction.text,TfidfVectorizer,fit,sklearn.feature_extraction.text.TfidfVectorizer.fit,/opt/hostedtoolcache/Python/3.12.13/x64/lib/python3.12/site-packages/sklearn/feature_extraction/text.py,python-bound,low,present,not-in-canonical-headline,not-in-canonical-headline,"[""python entry point; no recognized native dispatch evidence""]","[""_check_params"", ""_tfidf"", ""_warn_for_unused_params"", ""norm"", ""smooth_idf"", ""sublinear_tf"", ""use_idf""]"
1.9.0,sklearn.feature_extraction.text,TfidfVectorizer,transform,sklearn.feature_extraction.text.TfidfVectorizer.transform,/opt/hostedtoolcache/Python/3.12.13/x64/lib/python3.12/site-packages/sklearn/feature_extraction/text.py,python-bound,low,present,not-in-canonical-headline,not-in-canonical-headline,"[""python entry point; no recognized native dispatch evidence""]","[""_tfidf""]"
1.9.0,sklearn.linear_model._theil_sen,TheilSenRegressor,fit,sklearn.linear_model._theil_sen.TheilSenRegressor.fit,/opt/hostedtoolcache/Python/3.12.13/x64/lib/python3.12/site-packages/sklearn/linear_model/_theil_sen.py,mixed,medium,present,not-in-canonical-headline,not-in-canonical-headline,"[""numpy-bound:np."", ""python-control-loops:2""]","[""_check_subparams"", ""array_split"", ""breakdown_"", ""choice"", ""coef_"", ""fit_intercept"", ""intercept_"", ""max_iter"", ""max_subpopulation"", ""n_iter_"", ""n_jobs"", ""n_subpopulation_"", ""random_state"", ""rint"", ""shape"", ""tol"", ""verbose"", ""vstack""]"
1.9.0,sklearn.linear_model._theil_sen,TheilSenRegressor,predict,sklearn.linear_model._theil_sen.TheilSenRegressor.predict,/opt/hostedtoolcache/Python/3.12.13/x64/lib/python3.12/site-packages/sklearn/linear_model/_base.py,python-bound,low,present,not-in-canonical-headline,not-in-canonical-headline,"[""python entry point; no recognized native dispatch evidence""]","[""_decision_function""]"
1.9.0,sklearn.compose._target,TransformedTargetRegressor,fit,sklearn.compose._target.TransformedTargetRegressor.fit,/opt/hostedtoolcache/Python/3.12.13/x64/lib/python3.12/site-packages/sklearn/compose/_target.py,python-bound,low,present,not-in-canonical-headline,not-in-canonical-headline,"[""python entry point; no recognized native dispatch evidence""]","[""__class__"", ""_fit_transformer"", ""_get_regressor"", ""_training_dim"", ""feature_names_in_"", ""ndim"", ""regressor"", ""regressor_"", ""reshape"", ""shape"", ""squeeze"", ""transformer_""]"
1.9.0,sklearn.compose._target,TransformedTargetRegressor,predict,sklearn.compose._target.TransformedTargetRegressor.predict,/opt/hostedtoolcache/Python/3.12.13/x64/lib/python3.12/site-packages/sklearn/compose/_target.py,python-bound,low,present,not-in-canonical-headline,not-in-canonical-headline,"[""python entry point; no recognized native dispatch evidence""]","[""_training_dim"", ""ndim"", ""regressor"", ""regressor_"", ""reshape"", ""shape"", ""squeeze"", ""transformer_""]"
1.9.0,sklearn.decomposition._truncated_svd,TruncatedSVD,fit,sklearn.decomposition._truncated_svd.TruncatedSVD.fit,/opt/hostedtoolcache/Python/3.12.13/x64/lib/python3.12/site-packages/sklearn/decomposition/_truncated_svd.py,python-bound,low,present,not-in-canonical-headline,not-in-canonical-headline,"[""python entry point; no recognized native dispatch evidence""]","[""fit_transform""]"
1.9.0,sklearn.decomposition._truncated_svd,TruncatedSVD,transform,sklearn.decomposition._truncated_svd.TruncatedSVD.transform,/opt/hostedtoolcache/Python/3.12.13/x64/lib/python3.12/site-packages/sklearn/decomposition/_truncated_svd.py,python-bound,low,present,not-in-canonical-headline,not-in-canonical-headline,"[""python entry point; no recognized native dispatch evidence""]","[""components_""]"
1.9.0,sklearn.model_selection._classification_threshold,TunedThresholdClassifierCV,fit,sklearn.model_selection._classification_threshold.TunedThresholdClassifierCV.fit,/opt/hostedtoolcache/Python/3.12.13/x64/lib/python3.12/site-packages/sklearn/model_selection/_classification_threshold.py,python-bound,low,not-found-by-name,not-in-canonical-headline,not-in-canonical-headline,"[""python entry point; no recognized native dispatch evidence""]","[""_fit"", ""estimator_"", ""feature_names_in_"", ""n_features_in_""]"
1.9.0,sklearn.model_selection._classification_threshold,TunedThresholdClassifierCV,predict,sklearn.model_selection._classification_threshold.TunedThresholdClassifierCV.predict,/opt/hostedtoolcache/Python/3.12.13/x64/lib/python3.12/site-packages/sklearn/model_selection/_classification_threshold.py,python-bound,low,not-found-by-name,not-in-canonical-headline,not-in-canonical-headline,"[""python entry point; no recognized native dispatch evidence""]","[""_curve_scorer"", ""_get_response_method"", ""best_threshold_"", ""classes_"", ""estimator_"", ""predict""]"
1.9.0,sklearn.model_selection._classification_threshold,TunedThresholdClassifierCV,predict_proba,sklearn.model_selection._classification_threshold.TunedThresholdClassifierCV.predict_proba,/opt/hostedtoolcache/Python/3.12.13/x64/lib/python3.12/site-packages/sklearn/model_selection/_classification_threshold.py,python-bound,low,not-found-by-name,not-in-canonical-headline,not-in-canonical-headline,"[""python entry point; no recognized native dispatch evidence""]","[""estimator"", ""predict_proba""]"
1.9.0,sklearn.model_selection._classification_threshold,TunedThresholdClassifierCV,decision_function,sklearn.model_selection._classification_threshold.TunedThresholdClassifierCV.decision_function,/opt/hostedtoolcache/Python/3.12.13/x64/lib/python3.12/site-packages/sklearn/model_selection/_classification_threshold.py,python-bound,low,not-found-by-name,not-in-canonical-headline,not-in-canonical-headline,"[""python entry point; no recognized native dispatch evidence""]","[""decision_function"", ""estimator""]"
1.9.0,sklearn.linear_model._glm.glm,TweedieRegressor,fit,sklearn.linear_model._glm.glm.TweedieRegressor.fit,/opt/hostedtoolcache/Python/3.12.13/x64/lib/python3.12/site-packages/sklearn/linear_model/_glm/glm.py,mixed,medium,present,not-in-canonical-headline,not-in-canonical-headline,"[""cython-bound:_loss"", ""scipy-bound:optimize."", ""scipy-bound:scipy."", ""blas-lapack-bound:cholesky"", ""numpy-bound:np."", ""python-control-loops:2""]","[""__name__"", ""_base_loss"", ""_get_loss"", ""alpha"", ""array"", ""asarray"", ""astype"", ""base_loss"", ""coef_"", ""concatenate"", ""copy"", ""dtype"", ""finfo"", ""fit_intercept"", ""float32"", ""float64"", ""init_zero_coef"", ""intercept_"", ""iteration"", ""link"", ""loss"", ""loss_gradient"", ""max_iter"", ""n_iter_"", ""optimize"", ""shape"", ""solve"", ""solver"", ""tol"", ""verbose"", ""warm_start"", ""x""]"
1.9.0,sklearn.linear_model._glm.glm,TweedieRegressor,predict,sklearn.linear_model._glm.glm.TweedieRegressor.predict,/opt/hostedtoolcache/Python/3.12.13/x64/lib/python3.12/site-packages/sklearn/linear_model/_glm/glm.py,cython-bound,high,present,not-in-canonical-headline,not-in-canonical-headline,"[""cython-bound:_loss""]","[""_base_loss"", ""_linear_predictor"", ""inverse""]"
1.9.0,sklearn.feature_selection._variance_threshold,VarianceThreshold,fit,sklearn.feature_selection._variance_threshold.VarianceThreshold.fit,/opt/hostedtoolcache/Python/3.12.13/x64/lib/python3.12/site-packages/sklearn/feature_selection/_variance_threshold.py,mixed,medium,present,not-in-canonical-headline,not-in-canonical-headline,"[""numpy-bound:np."", ""python-control-loops:2""]","[""all"", ""array"", ""float64"", ""format"", ""isfinite"", ""nanmin"", ""nanvar"", ""pipeline"", ""ptp"", ""shape"", ""threshold"", ""variances_""]"
1.9.0,sklearn.feature_selection._variance_threshold,VarianceThreshold,transform,sklearn.feature_selection._variance_threshold.VarianceThreshold.transform,/opt/hostedtoolcache/Python/3.12.13/x64/lib/python3.12/site-packages/sklearn/feature_selection/_base.py,python-bound,low,present,not-in-canonical-headline,not-in-canonical-headline,"[""python entry point; no recognized native dispatch evidence""]","[""_transform"", ""allow_nan""]"
1.9.0,sklearn.ensemble._voting,VotingClassifier,fit,sklearn.ensemble._voting.VotingClassifier.fit,/opt/hostedtoolcache/Python/3.12.13/x64/lib/python3.12/site-packages/sklearn/ensemble/_voting.py,python-bound,medium,present,not-in-canonical-headline,not-in-canonical-headline,"[""python-control-loops:4""]","[""__class__"", ""classes_"", ""estimators"", ""le_"", ""set_config""]"
1.9.0,sklearn.ensemble._voting,VotingClassifier,predict,sklearn.ensemble._voting.VotingClassifier.predict,/opt/hostedtoolcache/Python/3.12.13/x64/lib/python3.12/site-packages/sklearn/ensemble/_voting.py,numpy-bound,medium,present,not-in-canonical-headline,not-in-canonical-headline,"[""numpy-bound:np.""]","[""_predict"", ""_weights_not_none"", ""apply_along_axis"", ""argmax"", ""bincount"", ""le_"", ""predict_proba"", ""voting""]"
1.9.0,sklearn.ensemble._voting,VotingClassifier,predict_proba,sklearn.ensemble._voting.VotingClassifier.predict_proba,/opt/hostedtoolcache/Python/3.12.13/x64/lib/python3.12/site-packages/sklearn/ensemble/_voting.py,mixed,medium,present,not-in-canonical-headline,not-in-canonical-headline,"[""numpy-bound:np."", ""python-control-loops:2""]","[""_collect_probas"", ""_weights_not_none"", ""average""]"
1.9.0,sklearn.ensemble._voting,VotingClassifier,transform,sklearn.ensemble._voting.VotingClassifier.transform,/opt/hostedtoolcache/Python/3.12.13/x64/lib/python3.12/site-packages/sklearn/ensemble/_voting.py,mixed,medium,present,not-in-canonical-headline,not-in-canonical-headline,"[""numpy-bound:np."", ""python-control-loops:2""]","[""_collect_probas"", ""_predict"", ""flatten_transform"", ""hstack"", ""voting""]"
1.9.0,sklearn.ensemble._voting,VotingRegressor,fit,sklearn.ensemble._voting.VotingRegressor.fit,/opt/hostedtoolcache/Python/3.12.13/x64/lib/python3.12/site-packages/sklearn/ensemble/_voting.py,python-bound,low,present,not-in-canonical-headline,not-in-canonical-headline,"[""python entry point; no recognized native dispatch evidence""]","[""estimators"", ""set_config""]"
1.9.0,sklearn.ensemble._voting,VotingRegressor,predict,sklearn.ensemble._voting.VotingRegressor.predict,/opt/hostedtoolcache/Python/3.12.13/x64/lib/python3.12/site-packages/sklearn/ensemble/_voting.py,numpy-bound,medium,present,not-in-canonical-headline,not-in-canonical-headline,"[""numpy-bound:np.""]","[""_predict"", ""_weights_not_none"", ""average""]"
1.9.0,sklearn.ensemble._voting,VotingRegressor,transform,sklearn.ensemble._voting.VotingRegressor.transform,/opt/hostedtoolcache/Python/3.12.13/x64/lib/python3.12/site-packages/sklearn/ensemble/_voting.py,python-bound,medium,present,not-in-canonical-headline,not-in-canonical-headline,"[""python-control-loops:2""]","[""_predict""]"
